4_0	C=O	-1	Aldol Condensation
4_0	C(CO)=O	-1	Aldol Condensation
4_0	C(C(CO)O)=O	1	Aldol Condensation
4_1	C=O	-1	Knoevenagel H
4_1	C(CO)=O	-1	Knoevenagel H
4_1	C(C(CO)O)=O	1	Knoevenagel H
6_0	C(CO)=O	-1	Aldol Condensation
6_0	C(CO)=O	-1	Aldol Condensation
6_0	C(C(C(CO)O)O)=O	1	Aldol Condensation
6_1	C(CO)=O	-1	Knoevenagel H
6_1	C(CO)=O	-1	Knoevenagel H
6_1	C(C(C(CO)O)O)=O	1	Knoevenagel H
7_0	C(CO)=O	-1	Keto-enol migration twice
7_0	C(CO)=O	1	Keto-enol migration twice
10_0	C=O	-1	Cannizarro 2, HCHO (oxidation)
10_0	C=O	-1	Cannizarro 2, HCHO (oxidation)
10_0	O	-1	Cannizarro 2, HCHO (oxidation)
10_0	C(O)=O	1	Cannizarro 2, HCHO (oxidation)
10_0	CO	1	Cannizarro 2, HCHO (oxidation)
10_1	C=O	-1	Cannizarro 2, HCHO (reduction)
10_1	C=O	-1	Cannizarro 2, HCHO (reduction)
10_1	O	-1	Cannizarro 2, HCHO (reduction)
10_1	C(O)=O	1	Cannizarro 2, HCHO (reduction)
10_1	CO	1	Cannizarro 2, HCHO (reduction)
12_0	C=O	-1	Cannizarro 2, HCHO (oxidation)
12_0	C(CO)=O	-1	Cannizarro 2, HCHO (oxidation)
12_0	O	-1	Cannizarro 2, HCHO (oxidation)
12_0	C(O)=O	1	Cannizarro 2, HCHO (oxidation)
12_0	C(CO)O	1	Cannizarro 2, HCHO (oxidation)
14_0	C=O	-1	Cannizarro 2, HCHO (reduction)
14_0	C(CO)=O	-1	Cannizarro 2, HCHO (reduction)
14_0	O	-1	Cannizarro 2, HCHO (reduction)
14_0	CO	1	Cannizarro 2, HCHO (reduction)
14_0	C(CO)(O)=O	1	Cannizarro 2, HCHO (reduction)
16_0	C(CO)=O	-1	Aldol Condensation
16_0	C(C(CO)O)=O	-1	Aldol Condensation
16_0	C(C(C(C(CO)O)O)O)=O	1	Aldol Condensation
16_1	C(CO)=O	-1	Knoevenagel H
16_1	C(C(CO)O)=O	-1	Knoevenagel H
16_1	C(C(C(C(CO)O)O)O)=O	1	Knoevenagel H
18_0	C(CO)=O	-1	Aldol Condensation
18_0	C(C(C(CO)O)O)=O	-1	Aldol Condensation
18_0	C(C(C(C(C(CO)O)O)O)O)=O	1	Aldol Condensation
18_1	C(CO)=O	-1	Knoevenagel H
18_1	C(C(C(CO)O)O)=O	-1	Knoevenagel H
18_1	C(C(C(C(C(CO)O)O)O)O)=O	1	Knoevenagel H
20_0	C(CO)(O)=O	-1	Benzilic Acid Rearrangement (inverse)
20_0	O	1	Benzilic Acid Rearrangement (inverse)
20_0	C(C=O)=O	1	Benzilic Acid Rearrangement (inverse)
21_0	C(C(CO)O)=O	-1	Retro Aldol
21_0	C=O	1	Retro Aldol
21_0	C(CO)=O	1	Retro Aldol
21_1	C(C(CO)O)=O	-1	Knoevenagel H (inv)
21_1	C=O	1	Knoevenagel H (inv)
21_1	C(CO)=O	1	Knoevenagel H (inv)
22_0	C(C(C(CO)O)O)=O	-1	Retro Aldol
22_0	C(CO)=O	1	Retro Aldol
22_0	C(CO)=O	1	Retro Aldol
22_1	C(C(C(CO)O)O)=O	-1	Knoevenagel H (inv)
22_1	C(CO)=O	1	Knoevenagel H (inv)
22_1	C(CO)=O	1	Knoevenagel H (inv)
24_0	C(C(CO)O)=O	-1	Keto-enol migration twice
24_0	C(CO)(CO)=O	1	Keto-enol migration twice
26_0	C(C(C(CO)O)O)=O	-1	Keto-enol migration twice
26_0	C(CO)(C(CO)O)=O	1	Keto-enol migration twice
28_0	C=O	-1	Cannizarro 2, HCHO (oxidation)
28_0	O	-1	Cannizarro 2, HCHO (oxidation)
28_0	C(C(CO)O)=O	-1	Cannizarro 2, HCHO (oxidation)
28_0	C(O)=O	1	Cannizarro 2, HCHO (oxidation)
28_0	C(C(CO)O)O	1	Cannizarro 2, HCHO (oxidation)
30_0	C=O	-1	Cannizarro 2, HCHO (oxidation)
30_0	O	-1	Cannizarro 2, HCHO (oxidation)
30_0	C(C(C(CO)O)O)=O	-1	Cannizarro 2, HCHO (oxidation)
30_0	C(O)=O	1	Cannizarro 2, HCHO (oxidation)
30_0	C(C(C(CO)O)O)O	1	Cannizarro 2, HCHO (oxidation)
32_0	C=O	-1	Cannizarro 2, HCHO (reduction)
32_0	O	-1	Cannizarro 2, HCHO (reduction)
32_0	C(C(CO)O)=O	-1	Cannizarro 2, HCHO (reduction)
32_0	CO	1	Cannizarro 2, HCHO (reduction)
32_0	C(C(CO)O)(O)=O	1	Cannizarro 2, HCHO (reduction)
34_0	C=O	-1	Cannizarro 2, HCHO (reduction)
34_0	O	-1	Cannizarro 2, HCHO (reduction)
34_0	C(C(C(CO)O)O)=O	-1	Cannizarro 2, HCHO (reduction)
34_0	CO	1	Cannizarro 2, HCHO (reduction)
34_0	C(C(C(CO)O)O)(O)=O	1	Cannizarro 2, HCHO (reduction)
36_0	C(C(CO)O)=O	-1	Knoevenagel C
36_0	C(C(CO)O)=O	-1	Knoevenagel C
36_0	C(C(CO)(C(C(CO)O)O)O)=O	1	Knoevenagel C
36_1	C(C(CO)O)=O	-1	Knoevenagel H
36_1	C(C(CO)O)=O	-1	Knoevenagel H
36_1	C(C(CO)(C(C(CO)O)O)O)=O	1	Knoevenagel H
38_0	C=O	-1	Knoevenagel C
38_0	C(C(CO)O)=O	-1	Knoevenagel C
38_0	C(C(CO)(CO)O)=O	1	Knoevenagel C
38_1	C=O	-1	Knoevenagel H
38_1	C(C(CO)O)=O	-1	Knoevenagel H
38_1	C(C(CO)(CO)O)=O	1	Knoevenagel H
40_0	C(CO)=O	-1	Knoevenagel C
40_0	C(C(CO)O)=O	-1	Knoevenagel C
40_0	C(C(CO)(C(CO)O)O)=O	1	Knoevenagel C
40_1	C(CO)=O	-1	Knoevenagel H
40_1	C(C(CO)O)=O	-1	Knoevenagel H
40_1	C(C(CO)(C(CO)O)O)=O	1	Knoevenagel H
41_0	C=O	-1	Knoevenagel C
41_0	C(C(C(CO)O)O)=O	-1	Knoevenagel C
41_0	C(C(CO)(C(CO)O)O)=O	1	Knoevenagel C
41_1	C=O	-1	Knoevenagel H
41_1	C(C(C(CO)O)O)=O	-1	Knoevenagel H
41_1	C(C(CO)(C(CO)O)O)=O	1	Knoevenagel H
43_0	C(CO)=O	-1	Knoevenagel C
43_0	C(C(C(CO)O)O)=O	-1	Knoevenagel C
43_0	C(C(C(CO)O)(C(CO)O)O)=O	1	Knoevenagel C
43_1	C(CO)=O	-1	Knoevenagel H
43_1	C(C(C(CO)O)O)=O	-1	Knoevenagel H
43_1	C(C(C(CO)O)(C(CO)O)O)=O	1	Knoevenagel H
45_0	C(C(CO)O)=O	-1	Knoevenagel H
45_0	C(CO)(O)=O	-1	Knoevenagel H
45_0	C(C(C(C(CO)O)O)O)(O)=O	1	Knoevenagel H
47_0	C(C(C(CO)O)O)=O	-1	Knoevenagel H
47_0	C(CO)(O)=O	-1	Knoevenagel H
47_0	C(C(C(C(C(CO)O)O)O)O)(O)=O	1	Knoevenagel H
48_0	C=O	-1	Knoevenagel H
48_0	C(CO)(O)=O	-1	Knoevenagel H
48_0	C(C(CO)O)(O)=O	1	Knoevenagel H
49_0	C(CO)=O	-1	Knoevenagel H
49_0	C(CO)(O)=O	-1	Knoevenagel H
49_0	C(C(C(CO)O)O)(O)=O	1	Knoevenagel H
51_0	C(C(CO)O)=O	-1	Elimination + enol to keto
51_0	O	1	Elimination + enol to keto
51_0	C(C(C)=O)=O	1	Elimination + enol to keto
53_0	C(C(CO)O)=O	-1	Elimination + enol to keto
53_0	O	1	Elimination + enol to keto
53_0	C(CC=O)=O	1	Elimination + enol to keto
55_0	C(C(C(CO)O)O)=O	-1	Elimination + enol to keto
55_0	O	1	Elimination + enol to keto
55_0	C(C(CCO)=O)=O	1	Elimination + enol to keto
57_0	C(C(C(CO)O)O)=O	-1	Elimination + enol to keto
57_0	O	1	Elimination + enol to keto
57_0	C(CC(C=O)O)=O	1	Elimination + enol to keto
59_0	C(C(C(CO)O)O)=O	-1	Elimination + enol to keto
59_0	O	1	Elimination + enol to keto
59_0	C(CC(CO)=O)=O	1	Elimination + enol to keto
61_0	C(C(C(CO)O)O)=O	-1	Elimination + enol to keto
61_0	O	1	Elimination + enol to keto
61_0	C(C(C(C)=O)O)=O	1	Elimination + enol to keto
63_0	C(CO)O	-1	Elimination + enol to keto
63_0	O	1	Elimination + enol to keto
63_0	C(C)=O	1	Elimination + enol to keto
65_0	C(C(C(CO)O)O)=O	-1	Hemiacetal Formation for 5 membered rings
65_0	C1C(C(C(O)O1)O)O	1	Hemiacetal Formation for 5 membered rings
67_0	C(C(C(C(CO)O)O)O)=O	-1	Aldol Condensation
67_0	C(C)=O	-1	Aldol Condensation
67_0	C(CC(C(C(C(CO)O)O)O)O)=O	1	Aldol Condensation
69_0	C(C=O)=O	-1	Aldol Condensation
69_0	C(CO)(CO)=O	-1	Aldol Condensation
69_0	C(C(C(C(CO)=O)O)O)=O	1	Aldol Condensation
69_1	C(C=O)=O	-1	Knoevenagel H
69_1	C(CO)(CO)=O	-1	Knoevenagel H
69_1	C(C(C(C(CO)=O)O)O)=O	1	Knoevenagel H
71_0	C(C=O)=O	-1	Aldol Condensation
71_0	C(CO)(C(CO)O)=O	-1	Aldol Condensation
71_0	C(C(C(C=O)O)O)(C(CO)O)=O	1	Aldol Condensation
71_1	C(C=O)=O	-1	Knoevenagel H
71_1	C(CO)(C(CO)O)=O	-1	Knoevenagel H
71_1	C(C(C(C=O)O)O)(C(CO)O)=O	1	Knoevenagel H
73_0	C(C=O)=O	-1	Aldol Condensation
73_0	C(C(C)=O)=O	-1	Aldol Condensation
73_0	C(C(CC(C=O)=O)O)=O	1	Aldol Condensation
75_0	C(C=O)=O	-1	Aldol Condensation
75_0	C(CC=O)=O	-1	Aldol Condensation
75_0	C(C(C=O)C(C=O)O)=O	1	Aldol Condensation
75_1	C(C=O)=O	-1	Knoevenagel C
75_1	C(CC=O)=O	-1	Knoevenagel C
75_1	C(C(C=O)C(C=O)O)=O	1	Knoevenagel C
77_0	C(C=O)=O	-1	Aldol Condensation
77_0	C(C(CCO)=O)=O	-1	Aldol Condensation
77_0	C(C(C(C(C=O)=O)CO)O)=O	1	Aldol Condensation
77_1	C(C=O)=O	-1	Knoevenagel C
77_1	C(C(CCO)=O)=O	-1	Knoevenagel C
77_1	C(C(C(C(C=O)=O)CO)O)=O	1	Knoevenagel C
79_0	C(C=O)=O	-1	Aldol Condensation
79_0	C(CC(C=O)O)=O	-1	Aldol Condensation
79_0	C(C(C(C=O)C(C=O)O)O)=O	1	Aldol Condensation
79_1	C(C=O)=O	-1	Knoevenagel C
79_1	C(CC(C=O)O)=O	-1	Knoevenagel C
79_1	C(C(C(C=O)C(C=O)O)O)=O	1	Knoevenagel C
81_0	C(C=O)=O	-1	Aldol Condensation
81_0	C(CC(CO)=O)=O	-1	Aldol Condensation
81_0	C(C(C(CO)=O)C(C=O)O)=O	1	Aldol Condensation
81_1	C(C=O)=O	-1	Knoevenagel C
81_1	C(CC(CO)=O)=O	-1	Knoevenagel C
81_1	C(C(C(CO)=O)C(C=O)O)=O	1	Knoevenagel C
83_0	C(C=O)=O	-1	Aldol Condensation
83_0	C(CC(CO)=O)=O	-1	Aldol Condensation
83_0	C(CC(C(C(C=O)O)O)=O)=O	1	Aldol Condensation
83_1	C(C=O)=O	-1	Knoevenagel H
83_1	C(CC(CO)=O)=O	-1	Knoevenagel H
83_1	C(CC(C(C(C=O)O)O)=O)=O	1	Knoevenagel H
85_0	C(C=O)=O	-1	Aldol Condensation
85_0	C(C(C(C)=O)O)=O	-1	Aldol Condensation
85_0	C(C(C(CC(C=O)O)=O)O)=O	1	Aldol Condensation
86_0	C(C=O)=O	-1	Aldol Condensation
86_0	C(C)=O	-1	Aldol Condensation
86_0	C(CC(C=O)O)=O	1	Aldol Condensation
88_0	C(CO)=O	-1	Aldol Condensation
88_0	C(C=O)=O	-1	Aldol Condensation
88_0	C(C(C(C=O)O)O)=O	1	Aldol Condensation
88_1	C(CO)=O	-1	Knoevenagel H
88_1	C(C=O)=O	-1	Knoevenagel H
88_1	C(C(C(C=O)O)O)=O	1	Knoevenagel H
90_0	C(CO)(CO)=O	-1	Aldol Condensation
90_0	C(CO)(CO)=O	-1	Aldol Condensation
90_0	C(CO)(C(C(CO)(CO)O)O)=O	1	Aldol Condensation
90_1	C(CO)(CO)=O	-1	Knoevenagel H
90_1	C(CO)(CO)=O	-1	Knoevenagel H
90_1	C(CO)(C(C(CO)(CO)O)O)=O	1	Knoevenagel H
92_0	C(CO)(CO)=O	-1	Aldol Condensation
92_0	C(C(C)=O)=O	-1	Aldol Condensation
92_0	C(C(CC(CO)(CO)O)=O)=O	1	Aldol Condensation
94_0	C(CO)(CO)=O	-1	Aldol Condensation
94_0	C(CC=O)=O	-1	Aldol Condensation
94_0	C(C(C=O)C(CO)(CO)O)=O	1	Aldol Condensation
94_1	C(CO)(CO)=O	-1	Knoevenagel C
94_1	C(CC=O)=O	-1	Knoevenagel C
94_1	C(C(C=O)C(CO)(CO)O)=O	1	Knoevenagel C
96_0	C(CO)(CO)=O	-1	Aldol Condensation
96_0	C(C(CCO)=O)=O	-1	Aldol Condensation
96_0	C(C(C(CO)C(CO)(CO)O)=O)=O	1	Aldol Condensation
96_1	C(CO)(CO)=O	-1	Knoevenagel C
96_1	C(C(CCO)=O)=O	-1	Knoevenagel C
96_1	C(C(C(CO)C(CO)(CO)O)=O)=O	1	Knoevenagel C
98_0	C(CO)(CO)=O	-1	Aldol Condensation
98_0	C(CC(C=O)O)=O	-1	Aldol Condensation
98_0	C(C(C(CO)(CO)O)C(C=O)O)=O	1	Aldol Condensation
98_1	C(CO)(CO)=O	-1	Knoevenagel C
98_1	C(CC(C=O)O)=O	-1	Knoevenagel C
98_1	C(C(C(CO)(CO)O)C(C=O)O)=O	1	Knoevenagel C
100_0	C(CO)(CO)=O	-1	Aldol Condensation
100_0	C(CC(CO)=O)=O	-1	Aldol Condensation
100_0	C(C(C(CO)=O)C(CO)(CO)O)=O	1	Aldol Condensation
100_1	C(CO)(CO)=O	-1	Knoevenagel C
100_1	C(CC(CO)=O)=O	-1	Knoevenagel C
100_1	C(C(C(CO)=O)C(CO)(CO)O)=O	1	Knoevenagel C
102_0	C(CO)(CO)=O	-1	Aldol Condensation
102_0	C(CC(CO)=O)=O	-1	Aldol Condensation
102_0	C(CC(C(C(CO)(CO)O)O)=O)=O	1	Aldol Condensation
102_1	C(CO)(CO)=O	-1	Knoevenagel H
102_1	C(CC(CO)=O)=O	-1	Knoevenagel H
102_1	C(CC(C(C(CO)(CO)O)O)=O)=O	1	Knoevenagel H
104_0	C(CO)(CO)=O	-1	Aldol Condensation
104_0	C(C(C(C)=O)O)=O	-1	Aldol Condensation
104_0	C(C(C(CC(CO)(CO)O)=O)O)=O	1	Aldol Condensation
106_0	C(CO)(CO)=O	-1	Aldol Condensation
106_0	C(C)=O	-1	Aldol Condensation
106_0	C(CC(CO)(CO)O)=O	1	Aldol Condensation
108_0	C(CO)=O	-1	Aldol Condensation
108_0	C(CO)(CO)=O	-1	Aldol Condensation
108_0	C(C(C(CO)(CO)O)O)=O	1	Aldol Condensation
108_1	C(CO)=O	-1	Knoevenagel H
108_1	C(CO)(CO)=O	-1	Knoevenagel H
108_1	C(C(C(CO)(CO)O)O)=O	1	Knoevenagel H
110_0	C(CO)(CO)=O	-1	Aldol Condensation
110_0	C(C(C)=O)=O	-1	Aldol Condensation
110_0	C(C(C)(C(C(CO)=O)O)O)=O	1	Aldol Condensation
110_1	C(CO)(CO)=O	-1	Knoevenagel H
110_1	C(C(C)=O)=O	-1	Knoevenagel H
110_1	C(C(C)(C(C(CO)=O)O)O)=O	1	Knoevenagel H
112_0	C(CO)(CO)=O	-1	Aldol Condensation
112_0	C(C(C)=O)=O	-1	Aldol Condensation
112_0	C(C)(C(C(C(CO)=O)O)O)=O	1	Aldol Condensation
112_1	C(CO)(CO)=O	-1	Knoevenagel H
112_1	C(C(C)=O)=O	-1	Knoevenagel H
112_1	C(C)(C(C(C(CO)=O)O)O)=O	1	Knoevenagel H
114_0	C(CO)(CO)=O	-1	Aldol Condensation
114_0	C(CC=O)=O	-1	Aldol Condensation
114_0	C(CC(C(C(CO)=O)O)O)=O	1	Aldol Condensation
114_1	C(CO)(CO)=O	-1	Knoevenagel H
114_1	C(CC=O)=O	-1	Knoevenagel H
114_1	C(CC(C(C(CO)=O)O)O)=O	1	Knoevenagel H
116_0	C(CO)(CO)=O	-1	Aldol Condensation
116_0	C(C(CCO)=O)=O	-1	Aldol Condensation
116_0	C(C(CCO)(C(C(CO)=O)O)O)=O	1	Aldol Condensation
116_1	C(CO)(CO)=O	-1	Knoevenagel H
116_1	C(C(CCO)=O)=O	-1	Knoevenagel H
116_1	C(C(CCO)(C(C(CO)=O)O)O)=O	1	Knoevenagel H
118_0	C(CO)(CO)=O	-1	Aldol Condensation
118_0	C(C(CCO)=O)=O	-1	Aldol Condensation
118_0	C(C(C(C(CCO)=O)O)O)(CO)=O	1	Aldol Condensation
118_1	C(CO)(CO)=O	-1	Knoevenagel H
118_1	C(C(CCO)=O)=O	-1	Knoevenagel H
118_1	C(C(C(C(CCO)=O)O)O)(CO)=O	1	Knoevenagel H
120_0	C(CO)(CO)=O	-1	Aldol Condensation
120_0	C(CC(C=O)O)=O	-1	Aldol Condensation
120_0	C(CC(C(C(C(CO)=O)O)O)O)=O	1	Aldol Condensation
120_1	C(CO)(CO)=O	-1	Knoevenagel H
120_1	C(CC(C=O)O)=O	-1	Knoevenagel H
120_1	C(CC(C(C(C(CO)=O)O)O)O)=O	1	Knoevenagel H
122_0	C(CO)(CO)=O	-1	Aldol Condensation
122_0	C(CC(C=O)O)=O	-1	Aldol Condensation
122_0	C(C(CC(C(C(CO)=O)O)O)O)=O	1	Aldol Condensation
122_1	C(CO)(CO)=O	-1	Knoevenagel H
122_1	C(CC(C=O)O)=O	-1	Knoevenagel H
122_1	C(C(CC(C(C(CO)=O)O)O)O)=O	1	Knoevenagel H
124_0	C(CO)(CO)=O	-1	Aldol Condensation
124_0	C(CC(CO)=O)=O	-1	Aldol Condensation
124_0	C(CO)(CC(C(C(CO)=O)O)O)=O	1	Aldol Condensation
124_1	C(CO)(CO)=O	-1	Knoevenagel H
124_1	C(CC(CO)=O)=O	-1	Knoevenagel H
124_1	C(CO)(CC(C(C(CO)=O)O)O)=O	1	Knoevenagel H
126_0	C(CO)(CO)=O	-1	Aldol Condensation
126_0	C(CC(CO)=O)=O	-1	Aldol Condensation
126_0	C(CC(CO)(C(C(CO)=O)O)O)=O	1	Aldol Condensation
126_1	C(CO)(CO)=O	-1	Knoevenagel H
126_1	C(CC(CO)=O)=O	-1	Knoevenagel H
126_1	C(CC(CO)(C(C(CO)=O)O)O)=O	1	Knoevenagel H
128_0	C(CO)(CO)=O	-1	Aldol Condensation
128_0	C(C(C(C)=O)O)=O	-1	Aldol Condensation
128_0	C(C)(C(C(C(C(CO)=O)O)O)O)=O	1	Aldol Condensation
128_1	C(CO)(CO)=O	-1	Knoevenagel H
128_1	C(C(C(C)=O)O)=O	-1	Knoevenagel H
128_1	C(C)(C(C(C(C(CO)=O)O)O)O)=O	1	Knoevenagel H
130_0	C(CO)(CO)=O	-1	Aldol Condensation
130_0	C(C(C(C)=O)O)=O	-1	Aldol Condensation
130_0	C(C(C(C)(C(C(CO)=O)O)O)O)=O	1	Aldol Condensation
130_1	C(CO)(CO)=O	-1	Knoevenagel H
130_1	C(C(C(C)=O)O)=O	-1	Knoevenagel H
130_1	C(C(C(C)(C(C(CO)=O)O)O)O)=O	1	Knoevenagel H
132_0	C(CO)(CO)=O	-1	Aldol Condensation
132_0	C(C)=O	-1	Aldol Condensation
132_0	C(CO)(C(C(C)O)O)=O	1	Aldol Condensation
132_1	C(CO)(CO)=O	-1	Knoevenagel H
132_1	C(C)=O	-1	Knoevenagel H
132_1	C(CO)(C(C(C)O)O)=O	1	Knoevenagel H
134_0	C(C(CO)O)=O	-1	Aldol Condensation
134_0	C(CO)(CO)=O	-1	Aldol Condensation
134_0	C(CO)(C(C(C(CO)O)O)O)=O	1	Aldol Condensation
134_1	C(C(CO)O)=O	-1	Knoevenagel H
134_1	C(CO)(CO)=O	-1	Knoevenagel H
134_1	C(CO)(C(C(C(CO)O)O)O)=O	1	Knoevenagel H
135_0	C=O	-1	Aldol Condensation
135_0	C(CO)(CO)=O	-1	Aldol Condensation
135_0	C(CO)(C(CO)O)=O	1	Aldol Condensation
135_1	C=O	-1	Knoevenagel H
135_1	C(CO)(CO)=O	-1	Knoevenagel H
135_1	C(CO)(C(CO)O)=O	1	Knoevenagel H
137_0	C(CO)=O	-1	Aldol Condensation
137_0	C(CO)(CO)=O	-1	Aldol Condensation
137_0	C(CO)(C(C(CO)O)O)=O	1	Aldol Condensation
137_1	C(CO)=O	-1	Knoevenagel H
137_1	C(CO)(CO)=O	-1	Knoevenagel H
137_1	C(CO)(C(C(CO)O)O)=O	1	Knoevenagel H
139_0	C(CO)(C(CO)O)=O	-1	Aldol Condensation
139_0	C(C(C)=O)=O	-1	Aldol Condensation
139_0	C(C(CC(CO)(C(CO)O)O)=O)=O	1	Aldol Condensation
141_0	C(CO)(C(CO)O)=O	-1	Aldol Condensation
141_0	C(CC=O)=O	-1	Aldol Condensation
141_0	C(C(C=O)C(CO)(C(CO)O)O)=O	1	Aldol Condensation
141_1	C(CO)(C(CO)O)=O	-1	Knoevenagel C
141_1	C(CC=O)=O	-1	Knoevenagel C
141_1	C(C(C=O)C(CO)(C(CO)O)O)=O	1	Knoevenagel C
143_0	C(CO)(C(CO)O)=O	-1	Aldol Condensation
143_0	C(C)=O	-1	Aldol Condensation
143_0	C(CC(CO)(C(CO)O)O)=O	1	Aldol Condensation
145_0	C(CO)=O	-1	Aldol Condensation
145_0	C(CO)(C(CO)O)=O	-1	Aldol Condensation
145_0	C(C(C(CO)(C(CO)O)O)O)=O	1	Aldol Condensation
145_1	C(CO)=O	-1	Knoevenagel H
145_1	C(CO)(C(CO)O)=O	-1	Knoevenagel H
145_1	C(C(C(CO)(C(CO)O)O)O)=O	1	Knoevenagel H
147_0	C(CO)(C(CO)O)=O	-1	Aldol Condensation
147_0	C(C(C)=O)=O	-1	Aldol Condensation
147_0	C(C(C)(C(C(C(CO)O)=O)O)O)=O	1	Aldol Condensation
147_1	C(CO)(C(CO)O)=O	-1	Knoevenagel H
147_1	C(C(C)=O)=O	-1	Knoevenagel H
147_1	C(C(C)(C(C(C(CO)O)=O)O)O)=O	1	Knoevenagel H
149_0	C(CO)(C(CO)O)=O	-1	Aldol Condensation
149_0	C(C(C)=O)=O	-1	Aldol Condensation
149_0	C(C(C(C(C(CO)O)=O)O)O)(C)=O	1	Aldol Condensation
149_1	C(CO)(C(CO)O)=O	-1	Knoevenagel H
149_1	C(C(C)=O)=O	-1	Knoevenagel H
149_1	C(C(C(C(C(CO)O)=O)O)O)(C)=O	1	Knoevenagel H
151_0	C(CO)(C(CO)O)=O	-1	Aldol Condensation
151_0	C(CC=O)=O	-1	Aldol Condensation
151_0	C(CC(C(C(C(CO)O)=O)O)O)=O	1	Aldol Condensation
151_1	C(CO)(C(CO)O)=O	-1	Knoevenagel H
151_1	C(CC=O)=O	-1	Knoevenagel H
151_1	C(CC(C(C(C(CO)O)=O)O)O)=O	1	Knoevenagel H
153_0	C(CO)(C(CO)O)=O	-1	Aldol Condensation
153_0	C(C)=O	-1	Aldol Condensation
153_0	C(C(C(C)O)O)(C(CO)O)=O	1	Aldol Condensation
153_1	C(CO)(C(CO)O)=O	-1	Knoevenagel H
153_1	C(C)=O	-1	Knoevenagel H
153_1	C(C(C(C)O)O)(C(CO)O)=O	1	Knoevenagel H
155_0	C=O	-1	Aldol Condensation
155_0	C(CO)(C(CO)O)=O	-1	Aldol Condensation
155_0	C(C(CO)O)(C(CO)O)=O	1	Aldol Condensation
155_1	C=O	-1	Knoevenagel H
155_1	C(CO)(C(CO)O)=O	-1	Knoevenagel H
155_1	C(C(CO)O)(C(CO)O)=O	1	Knoevenagel H
157_0	C(CO)=O	-1	Aldol Condensation
157_0	C(CO)(C(CO)O)=O	-1	Aldol Condensation
157_0	C(C(C(CO)O)O)(C(CO)O)=O	1	Aldol Condensation
157_1	C(CO)=O	-1	Knoevenagel H
157_1	C(CO)(C(CO)O)=O	-1	Knoevenagel H
157_1	C(C(C(CO)O)O)(C(CO)O)=O	1	Knoevenagel H
159_0	C(C(CO)(CO)O)=O	-1	Aldol Condensation
159_0	C(C(C)=O)=O	-1	Aldol Condensation
159_0	C(C(CC(C(CO)(CO)O)O)=O)=O	1	Aldol Condensation
161_0	C(C(CO)(CO)O)=O	-1	Aldol Condensation
161_0	C(CC=O)=O	-1	Aldol Condensation
161_0	C(C(C=O)C(C(CO)(CO)O)O)=O	1	Aldol Condensation
161_1	C(C(CO)(CO)O)=O	-1	Knoevenagel C
161_1	C(CC=O)=O	-1	Knoevenagel C
161_1	C(C(C=O)C(C(CO)(CO)O)O)=O	1	Knoevenagel C
163_0	C(C(CO)(CO)O)=O	-1	Aldol Condensation
163_0	C(C)=O	-1	Aldol Condensation
163_0	C(CC(C(CO)(CO)O)O)=O	1	Aldol Condensation
165_0	C(CO)=O	-1	Aldol Condensation
165_0	C(C(CO)(CO)O)=O	-1	Aldol Condensation
165_0	C(C(C(C(CO)(CO)O)O)O)=O	1	Aldol Condensation
165_1	C(CO)=O	-1	Knoevenagel H
165_1	C(C(CO)(CO)O)=O	-1	Knoevenagel H
165_1	C(C(C(C(CO)(CO)O)O)O)=O	1	Knoevenagel H
167_0	C(C(CO)(C(CO)O)O)=O	-1	Aldol Condensation
167_0	C(C)=O	-1	Aldol Condensation
167_0	C(CC(C(CO)(C(CO)O)O)O)=O	1	Aldol Condensation
169_0	C(C(C)=O)=O	-1	Aldol Condensation
169_0	C(C(C)=O)=O	-1	Aldol Condensation
169_0	C(C(C)(CC(C=O)=O)O)=O	1	Aldol Condensation
171_0	C(C(C)=O)=O	-1	Aldol Condensation
171_0	C(CC=O)=O	-1	Aldol Condensation
171_0	C(C(C=O)C(C=O)(C)O)=O	1	Aldol Condensation
171_1	C(C(C)=O)=O	-1	Knoevenagel C
171_1	C(CC=O)=O	-1	Knoevenagel C
171_1	C(C(C=O)C(C=O)(C)O)=O	1	Knoevenagel C
173_0	C(C(C)=O)=O	-1	Aldol Condensation
173_0	C(C(CCO)=O)=O	-1	Aldol Condensation
173_0	C(C(C)(C(C(C=O)=O)CO)O)=O	1	Aldol Condensation
173_1	C(C(C)=O)=O	-1	Knoevenagel C
173_1	C(C(CCO)=O)=O	-1	Knoevenagel C
173_1	C(C(C)(C(C(C=O)=O)CO)O)=O	1	Knoevenagel C
175_0	C(C(C)=O)=O	-1	Aldol Condensation
175_0	C(CC(C=O)O)=O	-1	Aldol Condensation
175_0	C(C(C(C=O)C(C=O)(C)O)O)=O	1	Aldol Condensation
175_1	C(C(C)=O)=O	-1	Knoevenagel C
175_1	C(CC(C=O)O)=O	-1	Knoevenagel C
175_1	C(C(C(C=O)C(C=O)(C)O)O)=O	1	Knoevenagel C
177_0	C(C(C)=O)=O	-1	Aldol Condensation
177_0	C(CC(CO)=O)=O	-1	Aldol Condensation
177_0	C(C(C)(C(C=O)C(CO)=O)O)=O	1	Aldol Condensation
177_1	C(C(C)=O)=O	-1	Knoevenagel C
177_1	C(CC(CO)=O)=O	-1	Knoevenagel C
177_1	C(C(C)(C(C=O)C(CO)=O)O)=O	1	Knoevenagel C
179_0	C(C(C)=O)=O	-1	Aldol Condensation
179_0	C(CC(CO)=O)=O	-1	Aldol Condensation
179_0	C(C(C)(C(C(CC=O)=O)O)O)=O	1	Aldol Condensation
179_1	C(C(C)=O)=O	-1	Knoevenagel H
179_1	C(CC(CO)=O)=O	-1	Knoevenagel H
179_1	C(C(C)(C(C(CC=O)=O)O)O)=O	1	Knoevenagel H
181_0	C(C(C)=O)=O	-1	Aldol Condensation
181_0	C(C(C(C)=O)O)=O	-1	Aldol Condensation
181_0	C(C(C)(CC(C(C=O)O)=O)O)=O	1	Aldol Condensation
183_0	C(C(C)=O)=O	-1	Aldol Condensation
183_0	C(C)=O	-1	Aldol Condensation
183_0	C(C(C)(CC=O)O)=O	1	Aldol Condensation
185_0	C(CO)=O	-1	Aldol Condensation
185_0	C(C(C)=O)=O	-1	Aldol Condensation
185_0	C(C(C)(C(C=O)O)O)=O	1	Aldol Condensation
185_1	C(CO)=O	-1	Knoevenagel H
185_1	C(C(C)=O)=O	-1	Knoevenagel H
185_1	C(C(C)(C(C=O)O)O)=O	1	Knoevenagel H
187_0	C(C(C)=O)=O	-1	Aldol Condensation
187_0	C(C(C)=O)=O	-1	Aldol Condensation
187_0	C(C)(C(CC(C=O)=O)O)=O	1	Aldol Condensation
189_0	C(C(C)=O)=O	-1	Aldol Condensation
189_0	C(CC=O)=O	-1	Aldol Condensation
189_0	C(C(C=O)C(C(C)=O)O)=O	1	Aldol Condensation
189_1	C(C(C)=O)=O	-1	Knoevenagel C
189_1	C(CC=O)=O	-1	Knoevenagel C
189_1	C(C(C=O)C(C(C)=O)O)=O	1	Knoevenagel C
191_0	C(C(C)=O)=O	-1	Aldol Condensation
191_0	C(C(CCO)=O)=O	-1	Aldol Condensation
191_0	C(C(C(C(C=O)=O)CO)O)(C)=O	1	Aldol Condensation
191_1	C(C(C)=O)=O	-1	Knoevenagel C
191_1	C(C(CCO)=O)=O	-1	Knoevenagel C
191_1	C(C(C(C(C=O)=O)CO)O)(C)=O	1	Knoevenagel C
193_0	C(C(C)=O)=O	-1	Aldol Condensation
193_0	C(CC(C=O)O)=O	-1	Aldol Condensation
193_0	C(C(C(C=O)C(C(C)=O)O)O)=O	1	Aldol Condensation
193_1	C(C(C)=O)=O	-1	Knoevenagel C
193_1	C(CC(C=O)O)=O	-1	Knoevenagel C
193_1	C(C(C(C=O)C(C(C)=O)O)O)=O	1	Knoevenagel C
195_0	C(C(C)=O)=O	-1	Aldol Condensation
195_0	C(CC(CO)=O)=O	-1	Aldol Condensation
195_0	C(C(C(CO)=O)C(C(C)=O)O)=O	1	Aldol Condensation
195_1	C(C(C)=O)=O	-1	Knoevenagel C
195_1	C(CC(CO)=O)=O	-1	Knoevenagel C
195_1	C(C(C(CO)=O)C(C(C)=O)O)=O	1	Knoevenagel C
197_0	C(C(C)=O)=O	-1	Aldol Condensation
197_0	C(CC(CO)=O)=O	-1	Aldol Condensation
197_0	C(CC(C(C(C(C)=O)O)O)=O)=O	1	Aldol Condensation
197_1	C(C(C)=O)=O	-1	Knoevenagel H
197_1	C(CC(CO)=O)=O	-1	Knoevenagel H
197_1	C(CC(C(C(C(C)=O)O)O)=O)=O	1	Knoevenagel H
199_0	C(C(C)=O)=O	-1	Aldol Condensation
199_0	C(C(C(C)=O)O)=O	-1	Aldol Condensation
199_0	C(C(C(CC(C(C)=O)O)=O)O)=O	1	Aldol Condensation
201_0	C(C(C)=O)=O	-1	Aldol Condensation
201_0	C(C)=O	-1	Aldol Condensation
201_0	C(CC(C(C)=O)O)=O	1	Aldol Condensation
203_0	C(CO)=O	-1	Aldol Condensation
203_0	C(C(C)=O)=O	-1	Aldol Condensation
203_0	C(C(C(C(C)=O)O)O)=O	1	Aldol Condensation
203_1	C(CO)=O	-1	Knoevenagel H
203_1	C(C(C)=O)=O	-1	Knoevenagel H
203_1	C(C(C(C(C)=O)O)O)=O	1	Knoevenagel H
205_0	C(C(C)=O)=O	-1	Aldol Condensation
205_0	C(CC=O)=O	-1	Aldol Condensation
205_0	C(CC(CC(C=O)=O)O)=O	1	Aldol Condensation
207_0	C(C(C)=O)=O	-1	Aldol Condensation
207_0	C(C(CCO)=O)=O	-1	Aldol Condensation
207_0	C(C(CCO)(CC(C=O)=O)O)=O	1	Aldol Condensation
209_0	C(C(C)=O)=O	-1	Aldol Condensation
209_0	C(C(CCO)=O)=O	-1	Aldol Condensation
209_0	C(C(CC(C=O)=O)O)(CCO)=O	1	Aldol Condensation
211_0	C(C(C)=O)=O	-1	Aldol Condensation
211_0	C(CC(C=O)O)=O	-1	Aldol Condensation
211_0	C(CC(C(CC(C=O)=O)O)O)=O	1	Aldol Condensation
213_0	C(C(C)=O)=O	-1	Aldol Condensation
213_0	C(CC(C=O)O)=O	-1	Aldol Condensation
213_0	C(C(CC(CC(C=O)=O)O)O)=O	1	Aldol Condensation
215_0	C(C(C)=O)=O	-1	Aldol Condensation
215_0	C(CC(CO)=O)=O	-1	Aldol Condensation
215_0	C(CO)(CC(CC(C=O)=O)O)=O	1	Aldol Condensation
217_0	C(C(C)=O)=O	-1	Aldol Condensation
217_0	C(CC(CO)=O)=O	-1	Aldol Condensation
217_0	C(CC(CO)(CC(C=O)=O)O)=O	1	Aldol Condensation
219_0	C(C(C)=O)=O	-1	Aldol Condensation
219_0	C(C(C(C)=O)O)=O	-1	Aldol Condensation
219_0	C(C)(C(C(CC(C=O)=O)O)O)=O	1	Aldol Condensation
221_0	C(C(C)=O)=O	-1	Aldol Condensation
221_0	C(C(C(C)=O)O)=O	-1	Aldol Condensation
221_0	C(C(C(C)(CC(C=O)=O)O)O)=O	1	Aldol Condensation
223_0	C(C(C)=O)=O	-1	Aldol Condensation
223_0	C(C)=O	-1	Aldol Condensation
223_0	C(C(CC(C)O)=O)=O	1	Aldol Condensation
225_0	C(C(CO)O)=O	-1	Aldol Condensation
225_0	C(C(C)=O)=O	-1	Aldol Condensation
225_0	C(C(CC(C(CO)O)O)=O)=O	1	Aldol Condensation
227_0	C(C(C(CO)O)O)=O	-1	Aldol Condensation
227_0	C(C(C)=O)=O	-1	Aldol Condensation
227_0	C(C(CC(C(C(CO)O)O)O)=O)=O	1	Aldol Condensation
228_0	C=O	-1	Aldol Condensation
228_0	C(C(C)=O)=O	-1	Aldol Condensation
228_0	C(C(CCO)=O)=O	1	Aldol Condensation
230_0	C(CO)=O	-1	Aldol Condensation
230_0	C(C(C)=O)=O	-1	Aldol Condensation
230_0	C(C(CC(CO)O)=O)=O	1	Aldol Condensation
232_0	C(CC=O)=O	-1	Aldol Condensation
232_0	C(CC=O)=O	-1	Aldol Condensation
232_0	C(C(C=O)C(CC=O)O)=O	1	Aldol Condensation
232_1	C(CC=O)=O	-1	Knoevenagel C
232_1	C(CC=O)=O	-1	Knoevenagel C
232_1	C(C(C=O)C(CC=O)O)=O	1	Knoevenagel C
234_0	C(CC=O)=O	-1	Aldol Condensation
234_0	C(C(CCO)=O)=O	-1	Aldol Condensation
234_0	C(CC(C(C(C=O)=O)CO)O)=O	1	Aldol Condensation
234_1	C(CC=O)=O	-1	Knoevenagel C
234_1	C(C(CCO)=O)=O	-1	Knoevenagel C
234_1	C(CC(C(C(C=O)=O)CO)O)=O	1	Knoevenagel C
236_0	C(CC=O)=O	-1	Aldol Condensation
236_0	C(CC(C=O)O)=O	-1	Aldol Condensation
236_0	C(CC(C(C=O)C(C=O)O)O)=O	1	Aldol Condensation
236_1	C(CC=O)=O	-1	Knoevenagel C
236_1	C(CC(C=O)O)=O	-1	Knoevenagel C
236_1	C(CC(C(C=O)C(C=O)O)O)=O	1	Knoevenagel C
238_0	C(CC=O)=O	-1	Aldol Condensation
238_0	C(CC(CO)=O)=O	-1	Aldol Condensation
238_0	C(CC(C(C=O)C(CO)=O)O)=O	1	Aldol Condensation
238_1	C(CC=O)=O	-1	Knoevenagel C
238_1	C(CC(CO)=O)=O	-1	Knoevenagel C
238_1	C(CC(C(C=O)C(CO)=O)O)=O	1	Knoevenagel C
240_0	C(CC=O)=O	-1	Aldol Condensation
240_0	C(CC(CO)=O)=O	-1	Aldol Condensation
240_0	C(CC(C(C(CC=O)=O)O)O)=O	1	Aldol Condensation
240_1	C(CC=O)=O	-1	Knoevenagel H
240_1	C(CC(CO)=O)=O	-1	Knoevenagel H
240_1	C(CC(C(C(CC=O)=O)O)O)=O	1	Knoevenagel H
242_0	C(CC=O)=O	-1	Aldol Condensation
242_0	C(C(C(C)=O)O)=O	-1	Aldol Condensation
242_0	C(C(C(CC(CC=O)O)=O)O)=O	1	Aldol Condensation
244_0	C(CC=O)=O	-1	Aldol Condensation
244_0	C(C)=O	-1	Aldol Condensation
244_0	C(CC(CC=O)O)=O	1	Aldol Condensation
246_0	C(CO)=O	-1	Aldol Condensation
246_0	C(CC=O)=O	-1	Aldol Condensation
246_0	C(CC(C(C=O)O)O)=O	1	Aldol Condensation
246_1	C(CO)=O	-1	Knoevenagel H
246_1	C(CC=O)=O	-1	Knoevenagel H
246_1	C(CC(C(C=O)O)O)=O	1	Knoevenagel H
248_0	C(CC=O)=O	-1	Aldol Condensation
248_0	C(C(CCO)=O)=O	-1	Aldol Condensation
248_0	C(C(C=O)C(C=O)(CCO)O)=O	1	Aldol Condensation
248_1	C(CC=O)=O	-1	Knoevenagel C
248_1	C(C(CCO)=O)=O	-1	Knoevenagel C
248_1	C(C(C=O)C(C=O)(CCO)O)=O	1	Knoevenagel C
250_0	C(CC=O)=O	-1	Aldol Condensation
250_0	C(C(CCO)=O)=O	-1	Aldol Condensation
250_0	C(C(C=O)C(C(CCO)=O)O)=O	1	Aldol Condensation
250_1	C(CC=O)=O	-1	Knoevenagel C
250_1	C(C(CCO)=O)=O	-1	Knoevenagel C
250_1	C(C(C=O)C(C(CCO)=O)O)=O	1	Knoevenagel C
252_0	C(CC=O)=O	-1	Aldol Condensation
252_0	C(CC(C=O)O)=O	-1	Aldol Condensation
252_0	C(C(C=O)C(C(CC=O)O)O)=O	1	Aldol Condensation
252_1	C(CC=O)=O	-1	Knoevenagel C
252_1	C(CC(C=O)O)=O	-1	Knoevenagel C
252_1	C(C(C=O)C(C(CC=O)O)O)=O	1	Knoevenagel C
254_0	C(CC=O)=O	-1	Aldol Condensation
254_0	C(CC(C=O)O)=O	-1	Aldol Condensation
254_0	C(C(C=O)C(CC(C=O)O)O)=O	1	Aldol Condensation
254_1	C(CC=O)=O	-1	Knoevenagel C
254_1	C(CC(C=O)O)=O	-1	Knoevenagel C
254_1	C(C(C=O)C(CC(C=O)O)O)=O	1	Knoevenagel C
256_0	C(CC=O)=O	-1	Aldol Condensation
256_0	C(CC(CO)=O)=O	-1	Aldol Condensation
256_0	C(C(C=O)C(CC(CO)=O)O)=O	1	Aldol Condensation
256_1	C(CC=O)=O	-1	Knoevenagel C
256_1	C(CC(CO)=O)=O	-1	Knoevenagel C
256_1	C(C(C=O)C(CC(CO)=O)O)=O	1	Knoevenagel C
258_0	C(CC=O)=O	-1	Aldol Condensation
258_0	C(CC(CO)=O)=O	-1	Aldol Condensation
258_0	C(C(C=O)C(CO)(CC=O)O)=O	1	Aldol Condensation
258_1	C(CC=O)=O	-1	Knoevenagel C
258_1	C(CC(CO)=O)=O	-1	Knoevenagel C
258_1	C(C(C=O)C(CO)(CC=O)O)=O	1	Knoevenagel C
260_0	C(CC=O)=O	-1	Aldol Condensation
260_0	C(C(C(C)=O)O)=O	-1	Aldol Condensation
260_0	C(C(C=O)C(C(C(C)=O)O)O)=O	1	Aldol Condensation
260_1	C(CC=O)=O	-1	Knoevenagel C
260_1	C(C(C(C)=O)O)=O	-1	Knoevenagel C
260_1	C(C(C=O)C(C(C(C)=O)O)O)=O	1	Knoevenagel C
262_0	C(CC=O)=O	-1	Aldol Condensation
262_0	C(C(C(C)=O)O)=O	-1	Aldol Condensation
262_0	C(C(C=O)C(C)(C(C=O)O)O)=O	1	Aldol Condensation
262_1	C(CC=O)=O	-1	Knoevenagel C
262_1	C(C(C(C)=O)O)=O	-1	Knoevenagel C
262_1	C(C(C=O)C(C)(C(C=O)O)O)=O	1	Knoevenagel C
264_0	C(CC=O)=O	-1	Aldol Condensation
264_0	C(C)=O	-1	Aldol Condensation
264_0	C(C(C=O)C(C)O)=O	1	Aldol Condensation
264_1	C(CC=O)=O	-1	Knoevenagel C
264_1	C(C)=O	-1	Knoevenagel C
264_1	C(C(C=O)C(C)O)=O	1	Knoevenagel C
266_0	C(C(CO)O)=O	-1	Aldol Condensation
266_0	C(CC=O)=O	-1	Aldol Condensation
266_0	C(C(C=O)C(C(CO)O)O)=O	1	Aldol Condensation
266_1	C(C(CO)O)=O	-1	Knoevenagel C
266_1	C(CC=O)=O	-1	Knoevenagel C
266_1	C(C(C=O)C(C(CO)O)O)=O	1	Knoevenagel C
268_0	C(C(C(CO)O)O)=O	-1	Aldol Condensation
268_0	C(CC=O)=O	-1	Aldol Condensation
268_0	C(C(C=O)C(C(C(CO)O)O)O)=O	1	Aldol Condensation
268_1	C(C(C(CO)O)O)=O	-1	Knoevenagel C
268_1	C(CC=O)=O	-1	Knoevenagel C
268_1	C(C(C=O)C(C(C(CO)O)O)O)=O	1	Knoevenagel C
270_0	C=O	-1	Aldol Condensation
270_0	C(CC=O)=O	-1	Aldol Condensation
270_0	C(C(C=O)CO)=O	1	Aldol Condensation
270_1	C=O	-1	Knoevenagel C
270_1	C(CC=O)=O	-1	Knoevenagel C
270_1	C(C(C=O)CO)=O	1	Knoevenagel C
272_0	C(CO)=O	-1	Aldol Condensation
272_0	C(CC=O)=O	-1	Aldol Condensation
272_0	C(C(C=O)C(CO)O)=O	1	Aldol Condensation
272_1	C(CO)=O	-1	Knoevenagel C
272_1	C(CC=O)=O	-1	Knoevenagel C
272_1	C(C(C=O)C(CO)O)=O	1	Knoevenagel C
274_0	C(C(CCO)=O)=O	-1	Aldol Condensation
274_0	C(C)=O	-1	Aldol Condensation
274_0	C(C(CCO)(CC=O)O)=O	1	Aldol Condensation
276_0	C(CO)=O	-1	Aldol Condensation
276_0	C(C(CCO)=O)=O	-1	Aldol Condensation
276_0	C(C(CCO)(C(C=O)O)O)=O	1	Aldol Condensation
276_1	C(CO)=O	-1	Knoevenagel H
276_1	C(C(CCO)=O)=O	-1	Knoevenagel H
276_1	C(C(CCO)(C(C=O)O)O)=O	1	Knoevenagel H
278_0	C(C(CCO)=O)=O	-1	Aldol Condensation
278_0	C(C)=O	-1	Aldol Condensation
278_0	C(CC(C(CCO)=O)O)=O	1	Aldol Condensation
280_0	C(CO)=O	-1	Aldol Condensation
280_0	C(C(CCO)=O)=O	-1	Aldol Condensation
280_0	C(C(C(C=O)O)O)(CCO)=O	1	Aldol Condensation
280_1	C(CO)=O	-1	Knoevenagel H
280_1	C(C(CCO)=O)=O	-1	Knoevenagel H
280_1	C(C(C(C=O)O)O)(CCO)=O	1	Knoevenagel H
282_0	C(C(CCO)=O)=O	-1	Aldol Condensation
282_0	C(C)=O	-1	Aldol Condensation
282_0	C(C(C(CO)C(C)O)=O)=O	1	Aldol Condensation
282_1	C(C(CCO)=O)=O	-1	Knoevenagel C
282_1	C(C)=O	-1	Knoevenagel C
282_1	C(C(C(CO)C(C)O)=O)=O	1	Knoevenagel C
284_0	C(C(CO)O)=O	-1	Aldol Condensation
284_0	C(C(CCO)=O)=O	-1	Aldol Condensation
284_0	C(C(C(CO)C(C(CO)O)O)=O)=O	1	Aldol Condensation
284_1	C(C(CO)O)=O	-1	Knoevenagel C
284_1	C(C(CCO)=O)=O	-1	Knoevenagel C
284_1	C(C(C(CO)C(C(CO)O)O)=O)=O	1	Knoevenagel C
286_0	C=O	-1	Aldol Condensation
286_0	C(C(CCO)=O)=O	-1	Aldol Condensation
286_0	C(C(C(CO)CO)=O)=O	1	Aldol Condensation
286_1	C=O	-1	Knoevenagel C
286_1	C(C(CCO)=O)=O	-1	Knoevenagel C
286_1	C(C(C(CO)CO)=O)=O	1	Knoevenagel C
288_0	C(CO)=O	-1	Aldol Condensation
288_0	C(C(CCO)=O)=O	-1	Aldol Condensation
288_0	C(C(C(CO)C(CO)O)=O)=O	1	Aldol Condensation
288_1	C(CO)=O	-1	Knoevenagel C
288_1	C(C(CCO)=O)=O	-1	Knoevenagel C
288_1	C(C(C(CO)C(CO)O)=O)=O	1	Knoevenagel C
290_0	C(CC(C=O)O)=O	-1	Aldol Condensation
290_0	C(C)=O	-1	Aldol Condensation
290_0	C(CC(C(CC=O)O)O)=O	1	Aldol Condensation
292_0	C(CO)=O	-1	Aldol Condensation
292_0	C(CC(C=O)O)=O	-1	Aldol Condensation
292_0	C(CC(C(C(C=O)O)O)O)=O	1	Aldol Condensation
292_1	C(CO)=O	-1	Knoevenagel H
292_1	C(CC(C=O)O)=O	-1	Knoevenagel H
292_1	C(CC(C(C(C=O)O)O)O)=O	1	Knoevenagel H
294_0	C(CC(C=O)O)=O	-1	Aldol Condensation
294_0	C(C)=O	-1	Aldol Condensation
294_0	C(CC(CC(C=O)O)O)=O	1	Aldol Condensation
296_0	C(CO)=O	-1	Aldol Condensation
296_0	C(CC(C=O)O)=O	-1	Aldol Condensation
296_0	C(C(C(CC(C=O)O)O)O)=O	1	Aldol Condensation
296_1	C(CO)=O	-1	Knoevenagel H
296_1	C(CC(C=O)O)=O	-1	Knoevenagel H
296_1	C(C(C(CC(C=O)O)O)O)=O	1	Knoevenagel H
298_0	C(CC(C=O)O)=O	-1	Aldol Condensation
298_0	C(C)=O	-1	Aldol Condensation
298_0	C(C(C(C)O)C(C=O)O)=O	1	Aldol Condensation
298_1	C(CC(C=O)O)=O	-1	Knoevenagel C
298_1	C(C)=O	-1	Knoevenagel C
298_1	C(C(C(C)O)C(C=O)O)=O	1	Knoevenagel C
300_0	C(C(CO)O)=O	-1	Aldol Condensation
300_0	C(CC(C=O)O)=O	-1	Aldol Condensation
300_0	C(C(C(C(CO)O)O)C(C=O)O)=O	1	Aldol Condensation
300_1	C(C(CO)O)=O	-1	Knoevenagel C
300_1	C(CC(C=O)O)=O	-1	Knoevenagel C
300_1	C(C(C(C(CO)O)O)C(C=O)O)=O	1	Knoevenagel C
302_0	C=O	-1	Aldol Condensation
302_0	C(CC(C=O)O)=O	-1	Aldol Condensation
302_0	C(C(CO)C(C=O)O)=O	1	Aldol Condensation
302_1	C=O	-1	Knoevenagel C
302_1	C(CC(C=O)O)=O	-1	Knoevenagel C
302_1	C(C(CO)C(C=O)O)=O	1	Knoevenagel C
304_0	C(CO)=O	-1	Aldol Condensation
304_0	C(CC(C=O)O)=O	-1	Aldol Condensation
304_0	C(C(C(CO)O)C(C=O)O)=O	1	Aldol Condensation
304_1	C(CO)=O	-1	Knoevenagel C
304_1	C(CC(C=O)O)=O	-1	Knoevenagel C
304_1	C(C(C(CO)O)C(C=O)O)=O	1	Knoevenagel C
306_0	C(CC(CO)=O)=O	-1	Aldol Condensation
306_0	C(C)=O	-1	Aldol Condensation
306_0	C(CC(CC(CO)=O)O)=O	1	Aldol Condensation
308_0	C(CO)=O	-1	Aldol Condensation
308_0	C(CC(CO)=O)=O	-1	Aldol Condensation
308_0	C(C(C(CC(CO)=O)O)O)=O	1	Aldol Condensation
308_1	C(CO)=O	-1	Knoevenagel H
308_1	C(CC(CO)=O)=O	-1	Knoevenagel H
308_1	C(C(C(CC(CO)=O)O)O)=O	1	Knoevenagel H
310_0	C(CC(CO)=O)=O	-1	Aldol Condensation
310_0	C(C)=O	-1	Aldol Condensation
310_0	C(CC(CO)(CC=O)O)=O	1	Aldol Condensation
312_0	C(CO)=O	-1	Aldol Condensation
312_0	C(CC(CO)=O)=O	-1	Aldol Condensation
312_0	C(CC(CO)(C(C=O)O)O)=O	1	Aldol Condensation
312_1	C(CO)=O	-1	Knoevenagel H
312_1	C(CC(CO)=O)=O	-1	Knoevenagel H
312_1	C(CC(CO)(C(C=O)O)O)=O	1	Knoevenagel H
314_0	C(CC(CO)=O)=O	-1	Aldol Condensation
314_0	C(C)=O	-1	Aldol Condensation
314_0	C(C(C(CO)=O)C(C)O)=O	1	Aldol Condensation
314_1	C(CC(CO)=O)=O	-1	Knoevenagel C
314_1	C(C)=O	-1	Knoevenagel C
314_1	C(C(C(CO)=O)C(C)O)=O	1	Knoevenagel C
316_0	C(C(CO)O)=O	-1	Aldol Condensation
316_0	C(CC(CO)=O)=O	-1	Aldol Condensation
316_0	C(C(C(CO)=O)C(C(CO)O)O)=O	1	Aldol Condensation
316_1	C(C(CO)O)=O	-1	Knoevenagel C
316_1	C(CC(CO)=O)=O	-1	Knoevenagel C
316_1	C(C(C(CO)=O)C(C(CO)O)O)=O	1	Knoevenagel C
318_0	C=O	-1	Aldol Condensation
318_0	C(CC(CO)=O)=O	-1	Aldol Condensation
318_0	C(C(C(CO)=O)CO)=O	1	Aldol Condensation
318_1	C=O	-1	Knoevenagel C
318_1	C(CC(CO)=O)=O	-1	Knoevenagel C
318_1	C(C(C(CO)=O)CO)=O	1	Knoevenagel C
320_0	C(CO)=O	-1	Aldol Condensation
320_0	C(CC(CO)=O)=O	-1	Aldol Condensation
320_0	C(C(C(CO)=O)C(CO)O)=O	1	Aldol Condensation
320_1	C(CO)=O	-1	Knoevenagel C
320_1	C(CC(CO)=O)=O	-1	Knoevenagel C
320_1	C(C(C(CO)=O)C(CO)O)=O	1	Knoevenagel C
322_0	C(CC(CO)=O)=O	-1	Aldol Condensation
322_0	C(C)=O	-1	Aldol Condensation
322_0	C(CC(C(C(C)O)O)=O)=O	1	Aldol Condensation
322_1	C(CC(CO)=O)=O	-1	Knoevenagel H
322_1	C(C)=O	-1	Knoevenagel H
322_1	C(CC(C(C(C)O)O)=O)=O	1	Knoevenagel H
324_0	C(C(CO)O)=O	-1	Aldol Condensation
324_0	C(CC(CO)=O)=O	-1	Aldol Condensation
324_0	C(CC(C(C(C(CO)O)O)O)=O)=O	1	Aldol Condensation
324_1	C(C(CO)O)=O	-1	Knoevenagel H
324_1	C(CC(CO)=O)=O	-1	Knoevenagel H
324_1	C(CC(C(C(C(CO)O)O)O)=O)=O	1	Knoevenagel H
326_0	C=O	-1	Aldol Condensation
326_0	C(CC(CO)=O)=O	-1	Aldol Condensation
326_0	C(CC(C(CO)O)=O)=O	1	Aldol Condensation
326_1	C=O	-1	Knoevenagel H
326_1	C(CC(CO)=O)=O	-1	Knoevenagel H
326_1	C(CC(C(CO)O)=O)=O	1	Knoevenagel H
328_0	C(CO)=O	-1	Aldol Condensation
328_0	C(CC(CO)=O)=O	-1	Aldol Condensation
328_0	C(CC(C(C(CO)O)O)=O)=O	1	Aldol Condensation
328_1	C(CO)=O	-1	Knoevenagel H
328_1	C(CC(CO)=O)=O	-1	Knoevenagel H
328_1	C(CC(C(C(CO)O)O)=O)=O	1	Knoevenagel H
330_0	C(C(C(C)=O)O)=O	-1	Aldol Condensation
330_0	C(C)=O	-1	Aldol Condensation
330_0	C(CC(C(C(C)=O)O)O)=O	1	Aldol Condensation
332_0	C(CO)=O	-1	Aldol Condensation
332_0	C(C(C(C)=O)O)=O	-1	Aldol Condensation
332_0	C(C(C(C(C(C)=O)O)O)O)=O	1	Aldol Condensation
332_1	C(CO)=O	-1	Knoevenagel H
332_1	C(C(C(C)=O)O)=O	-1	Knoevenagel H
332_1	C(C(C(C(C(C)=O)O)O)O)=O	1	Knoevenagel H
334_0	C(C(C(C)=O)O)=O	-1	Aldol Condensation
334_0	C(C)=O	-1	Aldol Condensation
334_0	C(CC(C)(C(C=O)O)O)=O	1	Aldol Condensation
336_0	C(CO)=O	-1	Aldol Condensation
336_0	C(C(C(C)=O)O)=O	-1	Aldol Condensation
336_0	C(C(C(C)(C(C=O)O)O)O)=O	1	Aldol Condensation
336_1	C(CO)=O	-1	Knoevenagel H
336_1	C(C(C(C)=O)O)=O	-1	Knoevenagel H
336_1	C(C(C(C)(C(C=O)O)O)O)=O	1	Knoevenagel H
338_0	C(C(C(C)=O)O)=O	-1	Aldol Condensation
338_0	C(C)=O	-1	Aldol Condensation
338_0	C(C(C(CC(C)O)=O)O)=O	1	Aldol Condensation
340_0	C(C(CO)O)=O	-1	Aldol Condensation
340_0	C(C(C(C)=O)O)=O	-1	Aldol Condensation
340_0	C(C(C(CC(C(CO)O)O)=O)O)=O	1	Aldol Condensation
342_0	C=O	-1	Aldol Condensation
342_0	C(C(C(C)=O)O)=O	-1	Aldol Condensation
342_0	C(C(C(CCO)=O)O)=O	1	Aldol Condensation
344_0	C(CO)=O	-1	Aldol Condensation
344_0	C(C(C(C)=O)O)=O	-1	Aldol Condensation
344_0	C(C(C(CC(CO)O)=O)O)=O	1	Aldol Condensation
346_0	C(C)=O	-1	Aldol Condensation
346_0	C(C)=O	-1	Aldol Condensation
346_0	C(CC(C)O)=O	1	Aldol Condensation
348_0	C(CO)=O	-1	Aldol Condensation
348_0	C(C)=O	-1	Aldol Condensation
348_0	C(C(C(C)O)O)=O	1	Aldol Condensation
348_1	C(CO)=O	-1	Knoevenagel H
348_1	C(C)=O	-1	Knoevenagel H
348_1	C(C(C(C)O)O)=O	1	Knoevenagel H
350_0	C(C(CO)O)=O	-1	Aldol Condensation
350_0	C(C)=O	-1	Aldol Condensation
350_0	C(CC(C(CO)O)O)=O	1	Aldol Condensation
352_0	C(C(C(CO)O)O)=O	-1	Aldol Condensation
352_0	C(C)=O	-1	Aldol Condensation
352_0	C(CC(C(C(CO)O)O)O)=O	1	Aldol Condensation
354_0	C=O	-1	Aldol Condensation
354_0	C(C)=O	-1	Aldol Condensation
354_0	C(CCO)=O	1	Aldol Condensation
356_0	C(CO)=O	-1	Aldol Condensation
356_0	C(C)=O	-1	Aldol Condensation
356_0	C(CC(CO)O)=O	1	Aldol Condensation
357_0	O	-1	Benzilic Acid Rearrangement
357_0	C(C=O)=O	-1	Benzilic Acid Rearrangement
357_0	C(CO)(O)=O	1	Benzilic Acid Rearrangement
357_1	O	-1	Cannizarro 1
357_1	C(C=O)=O	-1	Cannizarro 1
357_1	C(CO)(O)=O	1	Cannizarro 1
359_0	O	-1	Benzilic Acid Rearrangement
359_0	C(C(C)=O)=O	-1	Benzilic Acid Rearrangement
359_0	C(C(C)O)(O)=O	1	Benzilic Acid Rearrangement
359_1	O	-1	Cannizarro 1
359_1	C(C(C)=O)=O	-1	Cannizarro 1
359_1	C(C(C)O)(O)=O	1	Cannizarro 1
361_0	O	-1	Benzilic Acid Rearrangement
361_0	C(C(CCO)=O)=O	-1	Benzilic Acid Rearrangement
361_0	C(C(CCO)O)(O)=O	1	Benzilic Acid Rearrangement
361_1	O	-1	Cannizarro 1
361_1	C(C(CCO)=O)=O	-1	Cannizarro 1
361_1	C(C(CCO)O)(O)=O	1	Cannizarro 1
363_0	C(C(CO)O)(O)=O	-1	Benzilic Acid Rearrangement (inverse)
363_0	O	1	Benzilic Acid Rearrangement (inverse)
363_0	C(C(CO)=O)=O	1	Benzilic Acid Rearrangement (inverse)
365_0	C(C(C(CO)O)O)(O)=O	-1	Benzilic Acid Rearrangement (inverse)
365_0	O	1	Benzilic Acid Rearrangement (inverse)
365_0	C(C(C(CO)O)=O)=O	1	Benzilic Acid Rearrangement (inverse)
367_0	C(C(C(C(CO)O)O)O)(O)=O	-1	Benzilic Acid Rearrangement (inverse)
367_0	O	1	Benzilic Acid Rearrangement (inverse)
367_0	C(C(C(C(CO)O)O)=O)=O	1	Benzilic Acid Rearrangement (inverse)
369_0	C(C(C(C(C(CO)O)O)O)O)(O)=O	-1	Benzilic Acid Rearrangement (inverse)
369_0	O	1	Benzilic Acid Rearrangement (inverse)
369_0	C(C(C(C(C(CO)O)O)O)=O)=O	1	Benzilic Acid Rearrangement (inverse)
370_0	C(C(C(C(CO)O)O)O)=O	-1	Retro Aldol
370_0	C(CO)=O	1	Retro Aldol
370_0	C(C(CO)O)=O	1	Retro Aldol
370_1	C(C(C(C(CO)O)O)O)=O	-1	Knoevenagel H (inv)
370_1	C(CO)=O	1	Knoevenagel H (inv)
370_1	C(C(CO)O)=O	1	Knoevenagel H (inv)
371_0	C(C(C(C(C(CO)O)O)O)O)=O	-1	Retro Aldol
371_0	C(CO)=O	1	Retro Aldol
371_0	C(C(C(CO)O)O)=O	1	Retro Aldol
371_1	C(C(C(C(C(CO)O)O)O)O)=O	-1	Knoevenagel H (inv)
371_1	C(CO)=O	1	Knoevenagel H (inv)
371_1	C(C(C(CO)O)O)=O	1	Knoevenagel H (inv)
372_0	C(CO)(C(CO)O)=O	-1	Retro Aldol
372_0	C=O	1	Retro Aldol
372_0	C(CO)(CO)=O	1	Retro Aldol
372_1	C(CO)(C(CO)O)=O	-1	Knoevenagel H (inv)
372_1	C=O	1	Knoevenagel H (inv)
372_1	C(CO)(CO)=O	1	Knoevenagel H (inv)
373_0	C(C(CO)(C(C(CO)O)O)O)=O	-1	Retro Aldol
373_0	C(C(CO)O)=O	1	Retro Aldol
373_0	C(C(CO)O)=O	1	Retro Aldol
373_1	C(C(CO)(C(C(CO)O)O)O)=O	-1	Knoevenagel C (inverse)
373_1	C(C(CO)O)=O	1	Knoevenagel C (inverse)
373_1	C(C(CO)O)=O	1	Knoevenagel C (inverse)
373_2	C(C(CO)(C(C(CO)O)O)O)=O	-1	Knoevenagel H (inv)
373_2	C(C(CO)O)=O	1	Knoevenagel H (inv)
373_2	C(C(CO)O)=O	1	Knoevenagel H (inv)
374_0	C(C(CO)(C(C(CO)O)O)O)=O	-1	Retro Aldol
374_0	C=O	1	Retro Aldol
374_0	C(C(C(C(CO)O)O)O)=O	1	Retro Aldol
374_1	C(C(CO)(C(C(CO)O)O)O)=O	-1	Knoevenagel C (inverse)
374_1	C=O	1	Knoevenagel C (inverse)
374_1	C(C(C(C(CO)O)O)O)=O	1	Knoevenagel C (inverse)
374_2	C(C(CO)(C(C(CO)O)O)O)=O	-1	Knoevenagel H (inv)
374_2	C=O	1	Knoevenagel H (inv)
374_2	C(C(C(C(CO)O)O)O)=O	1	Knoevenagel H (inv)
375_0	C(C(CO)(CO)O)=O	-1	Retro Aldol
375_0	C=O	1	Retro Aldol
375_0	C(C(CO)O)=O	1	Retro Aldol
375_1	C(C(CO)(CO)O)=O	-1	Knoevenagel C (inverse)
375_1	C=O	1	Knoevenagel C (inverse)
375_1	C(C(CO)O)=O	1	Knoevenagel C (inverse)
375_2	C(C(CO)(CO)O)=O	-1	Knoevenagel H (inv)
375_2	C=O	1	Knoevenagel H (inv)
375_2	C(C(CO)O)=O	1	Knoevenagel H (inv)
376_0	C(C(CO)(C(CO)O)O)=O	-1	Retro Aldol
376_0	C(CO)=O	1	Retro Aldol
376_0	C(C(CO)O)=O	1	Retro Aldol
376_1	C(C(CO)(C(CO)O)O)=O	-1	Knoevenagel C (inverse)
376_1	C(CO)=O	1	Knoevenagel C (inverse)
376_1	C(C(CO)O)=O	1	Knoevenagel C (inverse)
376_2	C(C(CO)(C(CO)O)O)=O	-1	Knoevenagel H (inv)
376_2	C(CO)=O	1	Knoevenagel H (inv)
376_2	C(C(CO)O)=O	1	Knoevenagel H (inv)
377_0	C(C(CO)(C(CO)O)O)=O	-1	Retro Aldol
377_0	C=O	1	Retro Aldol
377_0	C(C(C(CO)O)O)=O	1	Retro Aldol
377_1	C(C(CO)(C(CO)O)O)=O	-1	Knoevenagel C (inverse)
377_1	C=O	1	Knoevenagel C (inverse)
377_1	C(C(C(CO)O)O)=O	1	Knoevenagel C (inverse)
377_2	C(C(CO)(C(CO)O)O)=O	-1	Knoevenagel H (inv)
377_2	C=O	1	Knoevenagel H (inv)
377_2	C(C(C(CO)O)O)=O	1	Knoevenagel H (inv)
378_0	C(C(C(CO)O)(C(CO)O)O)=O	-1	Retro Aldol
378_0	C(CO)=O	1	Retro Aldol
378_0	C(C(C(CO)O)O)=O	1	Retro Aldol
378_1	C(C(C(CO)O)(C(CO)O)O)=O	-1	Knoevenagel C (inverse)
378_1	C(CO)=O	1	Knoevenagel C (inverse)
378_1	C(C(C(CO)O)O)=O	1	Knoevenagel C (inverse)
378_2	C(C(C(CO)O)(C(CO)O)O)=O	-1	Knoevenagel H (inv)
378_2	C(CO)=O	1	Knoevenagel H (inv)
378_2	C(C(C(CO)O)O)=O	1	Knoevenagel H (inv)
379_0	C(C(CCO)=O)=O	-1	Retro Aldol
379_0	C=O	1	Retro Aldol
379_0	C(C(C)=O)=O	1	Retro Aldol
380_0	C(CC(C=O)O)=O	-1	Retro Aldol
380_0	C(C=O)=O	1	Retro Aldol
380_0	C(C)=O	1	Retro Aldol
381_0	C(C(C(C(CO)O)O)O)=O	-1	Keto-enol migration twice
381_0	C(CO)(C(C(CO)O)O)=O	1	Keto-enol migration twice
382_0	C(C(C(C(C(CO)O)O)O)O)=O	-1	Keto-enol migration twice
382_0	C(CO)(C(C(C(CO)O)O)O)=O	1	Keto-enol migration twice
383_0	C(CO)(CO)=O	-1	Keto-enol migration twice
383_0	C(C(CO)O)=O	1	Keto-enol migration twice
384_0	C(CO)(C(CO)O)=O	-1	Keto-enol migration twice
384_0	C(C(C(CO)O)O)=O	1	Keto-enol migration twice
385_0	C(CO)(C(CO)O)=O	-1	Keto-enol migration twice
385_0	C(CO)(C(CO)O)=O	1	Keto-enol migration twice
386_0	C(CC(C=O)O)=O	-1	Keto-enol migration twice
386_0	C(CC(CO)=O)=O	1	Keto-enol migration twice
387_0	C(CC(CO)=O)=O	-1	Keto-enol migration twice
387_0	C(CC(C=O)O)=O	1	Keto-enol migration twice
389_0	C(C(C(C)=O)O)=O	-1	Keto-enol migration twice
389_0	C(C(CO)=O)(C)=O	1	Keto-enol migration twice
391_0	C(C(C(C)=O)O)=O	-1	Keto-enol migration twice
391_0	C(C(C(C)O)=O)=O	1	Keto-enol migration twice
393_0	C=O	-1	Cannizarro 2, HCHO (oxidation)
393_0	O	-1	Cannizarro 2, HCHO (oxidation)
393_0	C(C(C(C(CO)O)O)O)=O	-1	Cannizarro 2, HCHO (oxidation)
393_0	C(O)=O	1	Cannizarro 2, HCHO (oxidation)
393_0	C(C(C(C(CO)O)O)O)O	1	Cannizarro 2, HCHO (oxidation)
395_0	C=O	-1	Cannizarro 2, HCHO (oxidation)
395_0	O	-1	Cannizarro 2, HCHO (oxidation)
395_0	C(C(C(C(C(CO)O)O)O)O)=O	-1	Cannizarro 2, HCHO (oxidation)
395_0	C(O)=O	1	Cannizarro 2, HCHO (oxidation)
395_0	C(C(C(C(C(CO)O)O)O)O)O	1	Cannizarro 2, HCHO (oxidation)
396_0	C=O	-1	Cannizarro 2, HCHO (oxidation)
396_0	O	-1	Cannizarro 2, HCHO (oxidation)
396_0	C(C=O)=O	-1	Cannizarro 2, HCHO (oxidation)
396_0	C(CO)=O	1	Cannizarro 2, HCHO (oxidation)
396_0	C(O)=O	1	Cannizarro 2, HCHO (oxidation)
398_0	C=O	-1	Cannizarro 2, HCHO (oxidation)
398_0	O	-1	Cannizarro 2, HCHO (oxidation)
398_0	C(C(CO)(C(C(CO)O)O)O)=O	-1	Cannizarro 2, HCHO (oxidation)
398_0	C(O)=O	1	Cannizarro 2, HCHO (oxidation)
398_0	C(C(CO)(C(C(CO)O)O)O)O	1	Cannizarro 2, HCHO (oxidation)
400_0	C=O	-1	Cannizarro 2, HCHO (oxidation)
400_0	O	-1	Cannizarro 2, HCHO (oxidation)
400_0	C(C(CO)(CO)O)=O	-1	Cannizarro 2, HCHO (oxidation)
400_0	C(O)=O	1	Cannizarro 2, HCHO (oxidation)
400_0	C(C(CO)(CO)O)O	1	Cannizarro 2, HCHO (oxidation)
402_0	C=O	-1	Cannizarro 2, HCHO (oxidation)
402_0	O	-1	Cannizarro 2, HCHO (oxidation)
402_0	C(C(CO)(C(CO)O)O)=O	-1	Cannizarro 2, HCHO (oxidation)
402_0	C(O)=O	1	Cannizarro 2, HCHO (oxidation)
402_0	C(C(CO)(C(CO)O)O)O	1	Cannizarro 2, HCHO (oxidation)
404_0	C=O	-1	Cannizarro 2, HCHO (oxidation)
404_0	O	-1	Cannizarro 2, HCHO (oxidation)
404_0	C(C(C(CO)O)(C(CO)O)O)=O	-1	Cannizarro 2, HCHO (oxidation)
404_0	C(O)=O	1	Cannizarro 2, HCHO (oxidation)
404_0	C(C(C(CO)O)(C(CO)O)O)O	1	Cannizarro 2, HCHO (oxidation)
406_0	C=O	-1	Cannizarro 2, HCHO (oxidation)
406_0	O	-1	Cannizarro 2, HCHO (oxidation)
406_0	C(C(C)=O)=O	-1	Cannizarro 2, HCHO (oxidation)
406_0	C(O)=O	1	Cannizarro 2, HCHO (oxidation)
406_0	C(C)(CO)=O	1	Cannizarro 2, HCHO (oxidation)
407_0	C=O	-1	Cannizarro 2, HCHO (oxidation)
407_0	O	-1	Cannizarro 2, HCHO (oxidation)
407_0	C(CC=O)=O	-1	Cannizarro 2, HCHO (oxidation)
407_0	C(O)=O	1	Cannizarro 2, HCHO (oxidation)
407_0	C(CCO)=O	1	Cannizarro 2, HCHO (oxidation)
409_0	C=O	-1	Cannizarro 2, HCHO (oxidation)
409_0	O	-1	Cannizarro 2, HCHO (oxidation)
409_0	C(C(CCO)=O)=O	-1	Cannizarro 2, HCHO (oxidation)
409_0	C(O)=O	1	Cannizarro 2, HCHO (oxidation)
409_0	C(CO)(CCO)=O	1	Cannizarro 2, HCHO (oxidation)
410_0	C=O	-1	Cannizarro 2, HCHO (oxidation)
410_0	O	-1	Cannizarro 2, HCHO (oxidation)
410_0	C(CC(C=O)O)=O	-1	Cannizarro 2, HCHO (oxidation)
410_0	C(O)=O	1	Cannizarro 2, HCHO (oxidation)
410_0	C(CC(CO)O)=O	1	Cannizarro 2, HCHO (oxidation)
412_0	C=O	-1	Cannizarro 2, HCHO (oxidation)
412_0	O	-1	Cannizarro 2, HCHO (oxidation)
412_0	C(CC(C=O)O)=O	-1	Cannizarro 2, HCHO (oxidation)
412_0	C(O)=O	1	Cannizarro 2, HCHO (oxidation)
412_0	C(C(CCO)O)=O	1	Cannizarro 2, HCHO (oxidation)
413_0	C=O	-1	Cannizarro 2, HCHO (oxidation)
413_0	O	-1	Cannizarro 2, HCHO (oxidation)
413_0	C(CC(CO)=O)=O	-1	Cannizarro 2, HCHO (oxidation)
413_0	C(O)=O	1	Cannizarro 2, HCHO (oxidation)
413_0	C(CO)(CCO)=O	1	Cannizarro 2, HCHO (oxidation)
415_0	C=O	-1	Cannizarro 2, HCHO (oxidation)
415_0	O	-1	Cannizarro 2, HCHO (oxidation)
415_0	C(C(C(C)=O)O)=O	-1	Cannizarro 2, HCHO (oxidation)
415_0	C(O)=O	1	Cannizarro 2, HCHO (oxidation)
415_0	C(C)(C(CO)O)=O	1	Cannizarro 2, HCHO (oxidation)
417_0	C=O	-1	Cannizarro 2, HCHO (oxidation)
417_0	O	-1	Cannizarro 2, HCHO (oxidation)
417_0	C(C)=O	-1	Cannizarro 2, HCHO (oxidation)
417_0	C(O)=O	1	Cannizarro 2, HCHO (oxidation)
417_0	CCO	1	Cannizarro 2, HCHO (oxidation)
418_0	C=O	-1	Cannizarro 2, HCHO (reduction)
418_0	O	-1	Cannizarro 2, HCHO (reduction)
418_0	C(C(C(C(CO)O)O)O)=O	-1	Cannizarro 2, HCHO (reduction)
418_0	CO	1	Cannizarro 2, HCHO (reduction)
418_0	C(C(C(C(CO)O)O)O)(O)=O	1	Cannizarro 2, HCHO (reduction)
419_0	C=O	-1	Cannizarro 2, HCHO (reduction)
419_0	O	-1	Cannizarro 2, HCHO (reduction)
419_0	C(C(C(C(C(CO)O)O)O)O)=O	-1	Cannizarro 2, HCHO (reduction)
419_0	CO	1	Cannizarro 2, HCHO (reduction)
419_0	C(C(C(C(C(CO)O)O)O)O)(O)=O	1	Cannizarro 2, HCHO (reduction)
421_0	C=O	-1	Cannizarro 2, HCHO (reduction)
421_0	O	-1	Cannizarro 2, HCHO (reduction)
421_0	C(C=O)=O	-1	Cannizarro 2, HCHO (reduction)
421_0	CO	1	Cannizarro 2, HCHO (reduction)
421_0	C(C(O)=O)=O	1	Cannizarro 2, HCHO (reduction)
423_0	C=O	-1	Cannizarro 2, HCHO (reduction)
423_0	O	-1	Cannizarro 2, HCHO (reduction)
423_0	C(C(CO)(C(C(CO)O)O)O)=O	-1	Cannizarro 2, HCHO (reduction)
423_0	CO	1	Cannizarro 2, HCHO (reduction)
423_0	C(C(CO)(C(C(CO)O)O)O)(O)=O	1	Cannizarro 2, HCHO (reduction)
425_0	C=O	-1	Cannizarro 2, HCHO (reduction)
425_0	O	-1	Cannizarro 2, HCHO (reduction)
425_0	C(C(CO)(CO)O)=O	-1	Cannizarro 2, HCHO (reduction)
425_0	CO	1	Cannizarro 2, HCHO (reduction)
425_0	C(C(CO)(CO)O)(O)=O	1	Cannizarro 2, HCHO (reduction)
427_0	C=O	-1	Cannizarro 2, HCHO (reduction)
427_0	O	-1	Cannizarro 2, HCHO (reduction)
427_0	C(C(CO)(C(CO)O)O)=O	-1	Cannizarro 2, HCHO (reduction)
427_0	CO	1	Cannizarro 2, HCHO (reduction)
427_0	C(C(CO)(C(CO)O)O)(O)=O	1	Cannizarro 2, HCHO (reduction)
429_0	C=O	-1	Cannizarro 2, HCHO (reduction)
429_0	O	-1	Cannizarro 2, HCHO (reduction)
429_0	C(C(C(CO)O)(C(CO)O)O)=O	-1	Cannizarro 2, HCHO (reduction)
429_0	CO	1	Cannizarro 2, HCHO (reduction)
429_0	C(C(C(CO)O)(C(CO)O)O)(O)=O	1	Cannizarro 2, HCHO (reduction)
431_0	C=O	-1	Cannizarro 2, HCHO (reduction)
431_0	O	-1	Cannizarro 2, HCHO (reduction)
431_0	C(C(C)=O)=O	-1	Cannizarro 2, HCHO (reduction)
431_0	CO	1	Cannizarro 2, HCHO (reduction)
431_0	C(C(C)=O)(O)=O	1	Cannizarro 2, HCHO (reduction)
433_0	C=O	-1	Cannizarro 2, HCHO (reduction)
433_0	O	-1	Cannizarro 2, HCHO (reduction)
433_0	C(CC=O)=O	-1	Cannizarro 2, HCHO (reduction)
433_0	CO	1	Cannizarro 2, HCHO (reduction)
433_0	C(CC(O)=O)=O	1	Cannizarro 2, HCHO (reduction)
435_0	C=O	-1	Cannizarro 2, HCHO (reduction)
435_0	O	-1	Cannizarro 2, HCHO (reduction)
435_0	C(C(CCO)=O)=O	-1	Cannizarro 2, HCHO (reduction)
435_0	CO	1	Cannizarro 2, HCHO (reduction)
435_0	C(C(CCO)=O)(O)=O	1	Cannizarro 2, HCHO (reduction)
437_0	C=O	-1	Cannizarro 2, HCHO (reduction)
437_0	O	-1	Cannizarro 2, HCHO (reduction)
437_0	C(CC(C=O)O)=O	-1	Cannizarro 2, HCHO (reduction)
437_0	CO	1	Cannizarro 2, HCHO (reduction)
437_0	C(C(CC=O)O)(O)=O	1	Cannizarro 2, HCHO (reduction)
439_0	C=O	-1	Cannizarro 2, HCHO (reduction)
439_0	O	-1	Cannizarro 2, HCHO (reduction)
439_0	C(CC(C=O)O)=O	-1	Cannizarro 2, HCHO (reduction)
439_0	CO	1	Cannizarro 2, HCHO (reduction)
439_0	C(CC(C=O)O)(O)=O	1	Cannizarro 2, HCHO (reduction)
441_0	C=O	-1	Cannizarro 2, HCHO (reduction)
441_0	O	-1	Cannizarro 2, HCHO (reduction)
441_0	C(CC(CO)=O)=O	-1	Cannizarro 2, HCHO (reduction)
441_0	CO	1	Cannizarro 2, HCHO (reduction)
441_0	C(CC(CO)=O)(O)=O	1	Cannizarro 2, HCHO (reduction)
443_0	C=O	-1	Cannizarro 2, HCHO (reduction)
443_0	O	-1	Cannizarro 2, HCHO (reduction)
443_0	C(C(C(C)=O)O)=O	-1	Cannizarro 2, HCHO (reduction)
443_0	CO	1	Cannizarro 2, HCHO (reduction)
443_0	C(C(C(C)=O)O)(O)=O	1	Cannizarro 2, HCHO (reduction)
445_0	C=O	-1	Cannizarro 2, HCHO (reduction)
445_0	O	-1	Cannizarro 2, HCHO (reduction)
445_0	C(C)=O	-1	Cannizarro 2, HCHO (reduction)
445_0	CO	1	Cannizarro 2, HCHO (reduction)
445_0	C(C)(O)=O	1	Cannizarro 2, HCHO (reduction)
447_0	C(C(C(C(CO)O)O)O)=O	-1	Knoevenagel C
447_0	C(C)=O	-1	Knoevenagel C
447_0	C(C(C(C)O)(C(C(CO)O)O)O)=O	1	Knoevenagel C
447_1	C(C(C(C(CO)O)O)O)=O	-1	Knoevenagel H
447_1	C(C)=O	-1	Knoevenagel H
447_1	C(C(C(C)O)(C(C(CO)O)O)O)=O	1	Knoevenagel H
448_0	C=O	-1	Knoevenagel C
448_0	C(C(C(C(CO)O)O)O)=O	-1	Knoevenagel C
448_0	C(C(CO)(C(C(CO)O)O)O)=O	1	Knoevenagel C
448_1	C=O	-1	Knoevenagel H
448_1	C(C(C(C(CO)O)O)O)=O	-1	Knoevenagel H
448_1	C(C(CO)(C(C(CO)O)O)O)=O	1	Knoevenagel H
450_0	C(C=O)=O	-1	Knoevenagel C
450_0	C(CO)(C(CO)O)=O	-1	Knoevenagel C
450_0	C(CO)(C(CO)(C(C=O)O)O)=O	1	Knoevenagel C
450_1	C(C=O)=O	-1	Knoevenagel H
450_1	C(CO)(C(CO)O)=O	-1	Knoevenagel H
450_1	C(CO)(C(CO)(C(C=O)O)O)=O	1	Knoevenagel H
452_0	C(C=O)=O	-1	Knoevenagel C
452_0	C(C(CO)O)(O)=O	-1	Knoevenagel C
452_0	C(C(CO)(C(C=O)O)O)(O)=O	1	Knoevenagel C
452_1	C(C=O)=O	-1	Knoevenagel H
452_1	C(C(CO)O)(O)=O	-1	Knoevenagel H
452_1	C(C(CO)(C(C=O)O)O)(O)=O	1	Knoevenagel H
454_0	C(C=O)=O	-1	Knoevenagel C
454_0	C(C(C(CO)O)O)(O)=O	-1	Knoevenagel C
454_0	C(C(C(CO)O)(C(C=O)O)O)(O)=O	1	Knoevenagel C
454_1	C(C=O)=O	-1	Knoevenagel H
454_1	C(C(C(CO)O)O)(O)=O	-1	Knoevenagel H
454_1	C(C(C(CO)O)(C(C=O)O)O)(O)=O	1	Knoevenagel H
456_0	C(C=O)=O	-1	Knoevenagel C
456_0	C(C(C(C)=O)O)=O	-1	Knoevenagel C
456_0	C(C(C(C)=O)(C(C=O)O)O)=O	1	Knoevenagel C
456_1	C(C=O)=O	-1	Knoevenagel H
456_1	C(C(C(C)=O)O)=O	-1	Knoevenagel H
456_1	C(C(C(C)=O)(C(C=O)O)O)=O	1	Knoevenagel H
458_0	C(C(CO)O)=O	-1	Knoevenagel C
458_0	C(C=O)=O	-1	Knoevenagel C
458_0	C(C(CO)(C(C=O)O)O)=O	1	Knoevenagel C
458_1	C(C(CO)O)=O	-1	Knoevenagel H
458_1	C(C=O)=O	-1	Knoevenagel H
458_1	C(C(CO)(C(C=O)O)O)=O	1	Knoevenagel H
460_0	C(C(C(CO)O)O)=O	-1	Knoevenagel C
460_0	C(C=O)=O	-1	Knoevenagel C
460_0	C(C(C(CO)O)(C(C=O)O)O)=O	1	Knoevenagel C
460_1	C(C(C(CO)O)O)=O	-1	Knoevenagel H
460_1	C(C=O)=O	-1	Knoevenagel H
460_1	C(C(C(CO)O)(C(C=O)O)O)=O	1	Knoevenagel H
462_0	C(CO)(CO)=O	-1	Knoevenagel C
462_0	C(C(CO)O)(O)=O	-1	Knoevenagel C
462_0	C(C(CO)(C(CO)(CO)O)O)(O)=O	1	Knoevenagel C
462_1	C(CO)(CO)=O	-1	Knoevenagel H
462_1	C(C(CO)O)(O)=O	-1	Knoevenagel H
462_1	C(C(CO)(C(CO)(CO)O)O)(O)=O	1	Knoevenagel H
464_0	C(CO)(CO)=O	-1	Knoevenagel C
464_0	C(C(C(C)=O)O)=O	-1	Knoevenagel C
464_0	C(C(C(C)=O)(C(CO)(CO)O)O)=O	1	Knoevenagel C
464_1	C(CO)(CO)=O	-1	Knoevenagel H
464_1	C(C(C(C)=O)O)=O	-1	Knoevenagel H
464_1	C(C(C(C)=O)(C(CO)(CO)O)O)=O	1	Knoevenagel H
466_0	C(C(CO)O)=O	-1	Knoevenagel C
466_0	C(CO)(CO)=O	-1	Knoevenagel C
466_0	C(C(CO)(C(CO)(CO)O)O)=O	1	Knoevenagel C
466_1	C(C(CO)O)=O	-1	Knoevenagel H
466_1	C(CO)(CO)=O	-1	Knoevenagel H
466_1	C(C(CO)(C(CO)(CO)O)O)=O	1	Knoevenagel H
468_0	C(CO)(C(CO)O)=O	-1	Knoevenagel C
468_0	C(C(C)=O)=O	-1	Knoevenagel C
468_0	C(C(C)(C(C(CO)=O)(CO)O)O)=O	1	Knoevenagel C
468_1	C(CO)(C(CO)O)=O	-1	Knoevenagel H
468_1	C(C(C)=O)=O	-1	Knoevenagel H
468_1	C(C(C)(C(C(CO)=O)(CO)O)O)=O	1	Knoevenagel H
470_0	C(CO)(C(CO)O)=O	-1	Knoevenagel C
470_0	C(C(C)=O)=O	-1	Knoevenagel C
470_0	C(CO)(C(CO)(C(C(C)=O)O)O)=O	1	Knoevenagel C
470_1	C(CO)(C(CO)O)=O	-1	Knoevenagel H
470_1	C(C(C)=O)=O	-1	Knoevenagel H
470_1	C(CO)(C(CO)(C(C(C)=O)O)O)=O	1	Knoevenagel H
472_0	C(CO)(C(CO)O)=O	-1	Knoevenagel C
472_0	C(CC=O)=O	-1	Knoevenagel C
472_0	C(CC(C(C(CO)=O)(CO)O)O)=O	1	Knoevenagel C
472_1	C(CO)(C(CO)O)=O	-1	Knoevenagel H
472_1	C(CC=O)=O	-1	Knoevenagel H
472_1	C(CC(C(C(CO)=O)(CO)O)O)=O	1	Knoevenagel H
474_0	C(CO)(C(CO)O)=O	-1	Knoevenagel C
474_0	C(C)=O	-1	Knoevenagel C
474_0	C(CO)(C(CO)(C(C)O)O)=O	1	Knoevenagel C
474_1	C(CO)(C(CO)O)=O	-1	Knoevenagel H
474_1	C(C)=O	-1	Knoevenagel H
474_1	C(CO)(C(CO)(C(C)O)O)=O	1	Knoevenagel H
476_0	C=O	-1	Knoevenagel C
476_0	C(CO)(C(CO)O)=O	-1	Knoevenagel C
476_0	C(CO)(C(CO)(CO)O)=O	1	Knoevenagel C
476_1	C=O	-1	Knoevenagel H
476_1	C(CO)(C(CO)O)=O	-1	Knoevenagel H
476_1	C(CO)(C(CO)(CO)O)=O	1	Knoevenagel H
478_0	C(CO)=O	-1	Knoevenagel C
478_0	C(CO)(C(CO)O)=O	-1	Knoevenagel C
478_0	C(CO)(C(CO)(C(CO)O)O)=O	1	Knoevenagel C
478_1	C(CO)=O	-1	Knoevenagel H
478_1	C(CO)(C(CO)O)=O	-1	Knoevenagel H
478_1	C(CO)(C(CO)(C(CO)O)O)=O	1	Knoevenagel H
480_0	C(C(CO)O)(O)=O	-1	Knoevenagel C
480_0	C(C(C)=O)=O	-1	Knoevenagel C
480_0	C(C(CO)(C(C=O)(C)O)O)(O)=O	1	Knoevenagel C
480_1	C(C(CO)O)(O)=O	-1	Knoevenagel H
480_1	C(C(C)=O)=O	-1	Knoevenagel H
480_1	C(C(CO)(C(C=O)(C)O)O)(O)=O	1	Knoevenagel H
482_0	C(C(CO)O)(O)=O	-1	Knoevenagel C
482_0	C(C(C)=O)=O	-1	Knoevenagel C
482_0	C(C(CO)(C(C(C)=O)O)O)(O)=O	1	Knoevenagel C
482_1	C(C(CO)O)(O)=O	-1	Knoevenagel H
482_1	C(C(C)=O)=O	-1	Knoevenagel H
482_1	C(C(CO)(C(C(C)=O)O)O)(O)=O	1	Knoevenagel H
484_0	C(C(CO)O)(O)=O	-1	Knoevenagel C
484_0	C(CC=O)=O	-1	Knoevenagel C
484_0	C(C(CO)(C(CC=O)O)O)(O)=O	1	Knoevenagel C
484_1	C(C(CO)O)(O)=O	-1	Knoevenagel H
484_1	C(CC=O)=O	-1	Knoevenagel H
484_1	C(C(CO)(C(CC=O)O)O)(O)=O	1	Knoevenagel H
486_0	C(C(CO)O)(O)=O	-1	Knoevenagel C
486_0	C(C)=O	-1	Knoevenagel C
486_0	C(C(CO)(C(C)O)O)(O)=O	1	Knoevenagel C
486_1	C(C(CO)O)(O)=O	-1	Knoevenagel H
486_1	C(C)=O	-1	Knoevenagel H
486_1	C(C(CO)(C(C)O)O)(O)=O	1	Knoevenagel H
487_0	C(C(CO)O)=O	-1	Knoevenagel C
487_0	C(C(CO)O)(O)=O	-1	Knoevenagel C
487_0	C(C(CO)(C(C(CO)O)O)O)(O)=O	1	Knoevenagel C
487_1	C(C(CO)O)=O	-1	Knoevenagel H
487_1	C(C(CO)O)(O)=O	-1	Knoevenagel H
487_1	C(C(CO)(C(C(CO)O)O)O)(O)=O	1	Knoevenagel H
488_0	C=O	-1	Knoevenagel C
488_0	C(C(CO)O)(O)=O	-1	Knoevenagel C
488_0	C(C(CO)(CO)O)(O)=O	1	Knoevenagel C
488_1	C=O	-1	Knoevenagel H
488_1	C(C(CO)O)(O)=O	-1	Knoevenagel H
488_1	C(C(CO)(CO)O)(O)=O	1	Knoevenagel H
489_0	C(CO)=O	-1	Knoevenagel C
489_0	C(C(CO)O)(O)=O	-1	Knoevenagel C
489_0	C(C(CO)(C(CO)O)O)(O)=O	1	Knoevenagel C
489_1	C(CO)=O	-1	Knoevenagel H
489_1	C(C(CO)O)(O)=O	-1	Knoevenagel H
489_1	C(C(CO)(C(CO)O)O)(O)=O	1	Knoevenagel H
491_0	C(C(C(CO)O)O)(O)=O	-1	Knoevenagel C
491_0	C(C)=O	-1	Knoevenagel C
491_0	C(C(C(CO)O)(C(C)O)O)(O)=O	1	Knoevenagel C
491_1	C(C(C(CO)O)O)(O)=O	-1	Knoevenagel H
491_1	C(C)=O	-1	Knoevenagel H
491_1	C(C(C(CO)O)(C(C)O)O)(O)=O	1	Knoevenagel H
492_0	C=O	-1	Knoevenagel C
492_0	C(C(C(CO)O)O)(O)=O	-1	Knoevenagel C
492_0	C(C(CO)(C(CO)O)O)(O)=O	1	Knoevenagel C
492_1	C=O	-1	Knoevenagel H
492_1	C(C(C(CO)O)O)(O)=O	-1	Knoevenagel H
492_1	C(C(CO)(C(CO)O)O)(O)=O	1	Knoevenagel H
493_0	C(CO)=O	-1	Knoevenagel C
493_0	C(C(C(CO)O)O)(O)=O	-1	Knoevenagel C
493_0	C(C(C(CO)O)(C(CO)O)O)(O)=O	1	Knoevenagel C
493_1	C(CO)=O	-1	Knoevenagel H
493_1	C(C(C(CO)O)O)(O)=O	-1	Knoevenagel H
493_1	C(C(C(CO)O)(C(CO)O)O)(O)=O	1	Knoevenagel H
494_0	C=O	-1	Knoevenagel C
494_0	C(C(C(C(CO)O)O)O)(O)=O	-1	Knoevenagel C
494_0	C(C(CO)(C(C(CO)O)O)O)(O)=O	1	Knoevenagel C
494_1	C=O	-1	Knoevenagel H
494_1	C(C(C(C(CO)O)O)O)(O)=O	-1	Knoevenagel H
494_1	C(C(CO)(C(C(CO)O)O)O)(O)=O	1	Knoevenagel H
496_0	C(C(C)=O)=O	-1	Knoevenagel C
496_0	C(C(C(C)=O)O)=O	-1	Knoevenagel C
496_0	C(C(C)(C(C=O)(C(C)=O)O)O)=O	1	Knoevenagel C
496_1	C(C(C)=O)=O	-1	Knoevenagel H
496_1	C(C(C(C)=O)O)=O	-1	Knoevenagel H
496_1	C(C(C)(C(C=O)(C(C)=O)O)O)=O	1	Knoevenagel H
498_0	C(C(CO)O)=O	-1	Knoevenagel C
498_0	C(C(C)=O)=O	-1	Knoevenagel C
498_0	C(C(CO)(C(C=O)(C)O)O)=O	1	Knoevenagel C
498_1	C(C(CO)O)=O	-1	Knoevenagel H
498_1	C(C(C)=O)=O	-1	Knoevenagel H
498_1	C(C(CO)(C(C=O)(C)O)O)=O	1	Knoevenagel H
500_0	C(C(C(CO)O)O)=O	-1	Knoevenagel C
500_0	C(C(C)=O)=O	-1	Knoevenagel C
500_0	C(C(C(CO)O)(C(C=O)(C)O)O)=O	1	Knoevenagel C
500_1	C(C(C(CO)O)O)=O	-1	Knoevenagel H
500_1	C(C(C)=O)=O	-1	Knoevenagel H
500_1	C(C(C(CO)O)(C(C=O)(C)O)O)=O	1	Knoevenagel H
502_0	C(C(C)=O)=O	-1	Knoevenagel C
502_0	C(C(C(C)=O)O)=O	-1	Knoevenagel C
502_0	C(C(C(C)=O)(C(C(C)=O)O)O)=O	1	Knoevenagel C
502_1	C(C(C)=O)=O	-1	Knoevenagel H
502_1	C(C(C(C)=O)O)=O	-1	Knoevenagel H
502_1	C(C(C(C)=O)(C(C(C)=O)O)O)=O	1	Knoevenagel H
504_0	C(C(CO)O)=O	-1	Knoevenagel C
504_0	C(C(C)=O)=O	-1	Knoevenagel C
504_0	C(C(CO)(C(C(C)=O)O)O)=O	1	Knoevenagel C
504_1	C(C(CO)O)=O	-1	Knoevenagel H
504_1	C(C(C)=O)=O	-1	Knoevenagel H
504_1	C(C(CO)(C(C(C)=O)O)O)=O	1	Knoevenagel H
506_0	C(C(C(CO)O)O)=O	-1	Knoevenagel C
506_0	C(C(C)=O)=O	-1	Knoevenagel C
506_0	C(C(C(CO)O)(C(C(C)=O)O)O)=O	1	Knoevenagel C
506_1	C(C(C(CO)O)O)=O	-1	Knoevenagel H
506_1	C(C(C)=O)=O	-1	Knoevenagel H
506_1	C(C(C(CO)O)(C(C(C)=O)O)O)=O	1	Knoevenagel H
508_0	C(CC=O)=O	-1	Knoevenagel C
508_0	C(C(C(C)=O)O)=O	-1	Knoevenagel C
508_0	C(CC(C(C=O)(C(C)=O)O)O)=O	1	Knoevenagel C
508_1	C(CC=O)=O	-1	Knoevenagel H
508_1	C(C(C(C)=O)O)=O	-1	Knoevenagel H
508_1	C(CC(C(C=O)(C(C)=O)O)O)=O	1	Knoevenagel H
510_0	C(C(CO)O)=O	-1	Knoevenagel C
510_0	C(CC=O)=O	-1	Knoevenagel C
510_0	C(C(CO)(C(CC=O)O)O)=O	1	Knoevenagel C
510_1	C(C(CO)O)=O	-1	Knoevenagel H
510_1	C(CC=O)=O	-1	Knoevenagel H
510_1	C(C(CO)(C(CC=O)O)O)=O	1	Knoevenagel H
512_0	C(C(C(CO)O)O)=O	-1	Knoevenagel C
512_0	C(CC=O)=O	-1	Knoevenagel C
512_0	C(C(C(CC=O)O)(C(CO)O)O)=O	1	Knoevenagel C
512_1	C(C(C(CO)O)O)=O	-1	Knoevenagel H
512_1	C(CC=O)=O	-1	Knoevenagel H
512_1	C(C(C(CC=O)O)(C(CO)O)O)=O	1	Knoevenagel H
514_0	C(C(CO)O)=O	-1	Knoevenagel C
514_0	C(C(CCO)=O)=O	-1	Knoevenagel C
514_0	C(C(CCO)(C(C=O)(CO)O)O)=O	1	Knoevenagel C
514_1	C(C(CO)O)=O	-1	Knoevenagel H
514_1	C(C(CCO)=O)=O	-1	Knoevenagel H
514_1	C(C(CCO)(C(C=O)(CO)O)O)=O	1	Knoevenagel H
516_0	C(C(CO)O)=O	-1	Knoevenagel C
516_0	C(C(CCO)=O)=O	-1	Knoevenagel C
516_0	C(C(CO)(C(C(CCO)=O)O)O)=O	1	Knoevenagel C
516_1	C(C(CO)O)=O	-1	Knoevenagel H
516_1	C(C(CCO)=O)=O	-1	Knoevenagel H
516_1	C(C(CO)(C(C(CCO)=O)O)O)=O	1	Knoevenagel H
518_0	C(C(CO)O)=O	-1	Knoevenagel C
518_0	C(CC(C=O)O)=O	-1	Knoevenagel C
518_0	C(C(CO)(C(C(CC=O)O)O)O)=O	1	Knoevenagel C
518_1	C(C(CO)O)=O	-1	Knoevenagel H
518_1	C(CC(C=O)O)=O	-1	Knoevenagel H
518_1	C(C(CO)(C(C(CC=O)O)O)O)=O	1	Knoevenagel H
520_0	C(C(CO)O)=O	-1	Knoevenagel C
520_0	C(CC(C=O)O)=O	-1	Knoevenagel C
520_0	C(C(CO)(C(CC(C=O)O)O)O)=O	1	Knoevenagel C
520_1	C(C(CO)O)=O	-1	Knoevenagel H
520_1	C(CC(C=O)O)=O	-1	Knoevenagel H
520_1	C(C(CO)(C(CC(C=O)O)O)O)=O	1	Knoevenagel H
522_0	C(C(CO)O)=O	-1	Knoevenagel C
522_0	C(CC(CO)=O)=O	-1	Knoevenagel C
522_0	C(C(CO)(C(CC(CO)=O)O)O)=O	1	Knoevenagel C
522_1	C(C(CO)O)=O	-1	Knoevenagel H
522_1	C(CC(CO)=O)=O	-1	Knoevenagel H
522_1	C(C(CO)(C(CC(CO)=O)O)O)=O	1	Knoevenagel H
524_0	C(C(CO)O)=O	-1	Knoevenagel C
524_0	C(CC(CO)=O)=O	-1	Knoevenagel C
524_0	C(C(CO)(C(CO)(CC=O)O)O)=O	1	Knoevenagel C
524_1	C(C(CO)O)=O	-1	Knoevenagel H
524_1	C(CC(CO)=O)=O	-1	Knoevenagel H
524_1	C(C(CO)(C(CO)(CC=O)O)O)=O	1	Knoevenagel H
526_0	C(C(C(C)=O)O)=O	-1	Knoevenagel C
526_0	C(C)=O	-1	Knoevenagel C
526_0	C(C(C(C)=O)(C(C)O)O)=O	1	Knoevenagel C
526_1	C(C(C(C)=O)O)=O	-1	Knoevenagel H
526_1	C(C)=O	-1	Knoevenagel H
526_1	C(C(C(C)=O)(C(C)O)O)=O	1	Knoevenagel H
528_0	C(C(CO)O)=O	-1	Knoevenagel C
528_0	C(C(C(C)=O)O)=O	-1	Knoevenagel C
528_0	C(C(C(C)=O)(C(C(CO)O)O)O)=O	1	Knoevenagel C
528_1	C(C(CO)O)=O	-1	Knoevenagel H
528_1	C(C(C(C)=O)O)=O	-1	Knoevenagel H
528_1	C(C(C(C)=O)(C(C(CO)O)O)O)=O	1	Knoevenagel H
530_0	C=O	-1	Knoevenagel C
530_0	C(C(C(C)=O)O)=O	-1	Knoevenagel C
530_0	C(C(C(C)=O)(CO)O)=O	1	Knoevenagel C
530_1	C=O	-1	Knoevenagel H
530_1	C(C(C(C)=O)O)=O	-1	Knoevenagel H
530_1	C(C(C(C)=O)(CO)O)=O	1	Knoevenagel H
532_0	C(CO)=O	-1	Knoevenagel C
532_0	C(C(C(C)=O)O)=O	-1	Knoevenagel C
532_0	C(C(C(C)=O)(C(CO)O)O)=O	1	Knoevenagel C
532_1	C(CO)=O	-1	Knoevenagel H
532_1	C(C(C(C)=O)O)=O	-1	Knoevenagel H
532_1	C(C(C(C)=O)(C(CO)O)O)=O	1	Knoevenagel H
534_0	C(C(CO)O)=O	-1	Knoevenagel C
534_0	C(C(C(C)=O)O)=O	-1	Knoevenagel C
534_0	C(C(CO)(C(C(C(C)=O)O)O)O)=O	1	Knoevenagel C
534_1	C(C(CO)O)=O	-1	Knoevenagel H
534_1	C(C(C(C)=O)O)=O	-1	Knoevenagel H
534_1	C(C(CO)(C(C(C(C)=O)O)O)O)=O	1	Knoevenagel H
536_0	C(C(CO)O)=O	-1	Knoevenagel C
536_0	C(C(C(C)=O)O)=O	-1	Knoevenagel C
536_0	C(C(CO)(C(C)(C(C=O)O)O)O)=O	1	Knoevenagel C
536_1	C(C(CO)O)=O	-1	Knoevenagel H
536_1	C(C(C(C)=O)O)=O	-1	Knoevenagel H
536_1	C(C(CO)(C(C)(C(C=O)O)O)O)=O	1	Knoevenagel H
538_0	C(C(CO)O)=O	-1	Knoevenagel C
538_0	C(C)=O	-1	Knoevenagel C
538_0	C(C(CO)(C(C)O)O)=O	1	Knoevenagel C
538_1	C(C(CO)O)=O	-1	Knoevenagel H
538_1	C(C)=O	-1	Knoevenagel H
538_1	C(C(CO)(C(C)O)O)=O	1	Knoevenagel H
540_0	C(C(C(CO)O)O)=O	-1	Knoevenagel C
540_0	C(C)=O	-1	Knoevenagel C
540_0	C(C(C(CO)O)(C(C)O)O)=O	1	Knoevenagel C
540_1	C(C(C(CO)O)O)=O	-1	Knoevenagel H
540_1	C(C)=O	-1	Knoevenagel H
540_1	C(C(C(CO)O)(C(C)O)O)=O	1	Knoevenagel H
542_0	C(C=O)=O	-1	Knoevenagel H
542_0	C(CC(C=O)O)=O	-1	Knoevenagel H
542_0	C(CC(C=O)(C(C=O)O)O)=O	1	Knoevenagel H
544_0	C(CO)(O)=O	-1	Knoevenagel H
544_0	C(C=O)=O	-1	Knoevenagel H
544_0	C(C(C(C=O)O)O)(O)=O	1	Knoevenagel H
546_0	C(CO)(CO)=O	-1	Knoevenagel H
546_0	C(CC(C=O)O)=O	-1	Knoevenagel H
546_0	C(C(C(CO)(CO)O)(CC=O)O)=O	1	Knoevenagel H
548_0	C(CO)(O)=O	-1	Knoevenagel H
548_0	C(CO)(CO)=O	-1	Knoevenagel H
548_0	C(C(C(CO)(CO)O)O)(O)=O	1	Knoevenagel H
550_0	C(CO)(O)=O	-1	Knoevenagel H
550_0	C(CO)(C(CO)O)=O	-1	Knoevenagel H
550_0	C(C(C(CO)(C(CO)O)O)O)(O)=O	1	Knoevenagel H
552_0	C(CO)(O)=O	-1	Knoevenagel H
552_0	C(C(CO)(CO)O)=O	-1	Knoevenagel H
552_0	C(C(C(C(CO)(CO)O)O)O)(O)=O	1	Knoevenagel H
554_0	C(C(C)=O)=O	-1	Knoevenagel H
554_0	C(CC(C=O)O)=O	-1	Knoevenagel H
554_0	C(CC(C=O)(C(C=O)(C)O)O)=O	1	Knoevenagel H
556_0	C(CO)(O)=O	-1	Knoevenagel H
556_0	C(C(C)=O)=O	-1	Knoevenagel H
556_0	C(C(C)(C(C(O)=O)O)O)=O	1	Knoevenagel H
558_0	C(C(C)=O)=O	-1	Knoevenagel H
558_0	C(CC(C=O)O)=O	-1	Knoevenagel H
558_0	C(CC(C=O)(C(C(C)=O)O)O)=O	1	Knoevenagel H
560_0	C(CO)(O)=O	-1	Knoevenagel H
560_0	C(C(C)=O)=O	-1	Knoevenagel H
560_0	C(C(C(C(C)=O)O)O)(O)=O	1	Knoevenagel H
562_0	C(CC=O)=O	-1	Knoevenagel H
562_0	C(CC(C=O)O)=O	-1	Knoevenagel H
562_0	C(CC(C(C=O)(CC=O)O)O)=O	1	Knoevenagel H
564_0	C(CO)(O)=O	-1	Knoevenagel H
564_0	C(CC=O)=O	-1	Knoevenagel H
564_0	C(CC(C(C(O)=O)O)O)=O	1	Knoevenagel H
566_0	C(CO)(O)=O	-1	Knoevenagel H
566_0	C(C(CCO)=O)=O	-1	Knoevenagel H
566_0	C(C(CCO)(C(C(O)=O)O)O)=O	1	Knoevenagel H
568_0	C(CO)(O)=O	-1	Knoevenagel H
568_0	C(C(CCO)=O)=O	-1	Knoevenagel H
568_0	C(C(C(C(O)=O)O)O)(CCO)=O	1	Knoevenagel H
570_0	C(CC(C=O)O)=O	-1	Knoevenagel H
570_0	C(C)=O	-1	Knoevenagel H
570_0	C(C(C(C)O)(CC=O)O)=O	1	Knoevenagel H
572_0	C(C(CO)O)=O	-1	Knoevenagel H
572_0	C(CC(C=O)O)=O	-1	Knoevenagel H
572_0	C(C(C(C(CO)O)O)(CC=O)O)=O	1	Knoevenagel H
574_0	C=O	-1	Knoevenagel H
574_0	C(CC(C=O)O)=O	-1	Knoevenagel H
574_0	C(C(CO)(CC=O)O)=O	1	Knoevenagel H
576_0	C(CO)=O	-1	Knoevenagel H
576_0	C(CC(C=O)O)=O	-1	Knoevenagel H
576_0	C(C(C(CO)O)(CC=O)O)=O	1	Knoevenagel H
578_0	C(CO)(O)=O	-1	Knoevenagel H
578_0	C(CC(C=O)O)=O	-1	Knoevenagel H
578_0	C(CC(C(C(C(O)=O)O)O)O)=O	1	Knoevenagel H
580_0	C(CO)(O)=O	-1	Knoevenagel H
580_0	C(CC(C=O)O)=O	-1	Knoevenagel H
580_0	C(C(C(CC(C=O)O)O)O)(O)=O	1	Knoevenagel H
582_0	C(CO)(O)=O	-1	Knoevenagel H
582_0	C(CC(CO)=O)=O	-1	Knoevenagel H
582_0	C(C(C(CC(CO)=O)O)O)(O)=O	1	Knoevenagel H
584_0	C(CO)(O)=O	-1	Knoevenagel H
584_0	C(CC(CO)=O)=O	-1	Knoevenagel H
584_0	C(CC(CO)(C(C(O)=O)O)O)=O	1	Knoevenagel H
586_0	C(CO)(O)=O	-1	Knoevenagel H
586_0	C(C(C(C)=O)O)=O	-1	Knoevenagel H
586_0	C(C(C(C(C(C)=O)O)O)O)(O)=O	1	Knoevenagel H
588_0	C(CO)(O)=O	-1	Knoevenagel H
588_0	C(C(C(C)=O)O)=O	-1	Knoevenagel H
588_0	C(C(C(C)(C(C=O)O)O)O)(O)=O	1	Knoevenagel H
590_0	C(CO)(O)=O	-1	Knoevenagel H
590_0	C(C)=O	-1	Knoevenagel H
590_0	C(C(C(C)O)O)(O)=O	1	Knoevenagel H
591_0	C(C(CO)O)(O)=O	-1	Knoevenagel H (inv)
591_0	C=O	1	Knoevenagel H (inv)
591_0	C(CO)(O)=O	1	Knoevenagel H (inv)
592_0	C(C(C(CO)O)O)(O)=O	-1	Knoevenagel H (inv)
592_0	C(CO)=O	1	Knoevenagel H (inv)
592_0	C(CO)(O)=O	1	Knoevenagel H (inv)
593_0	C(C(C(C(CO)O)O)O)(O)=O	-1	Knoevenagel H (inv)
593_0	C(C(CO)O)=O	1	Knoevenagel H (inv)
593_0	C(CO)(O)=O	1	Knoevenagel H (inv)
594_0	C(C(C(C(C(CO)O)O)O)O)(O)=O	-1	Knoevenagel H (inv)
594_0	C(C(C(CO)O)O)=O	1	Knoevenagel H (inv)
594_0	C(CO)(O)=O	1	Knoevenagel H (inv)
595_0	C(C(C(C(CO)O)O)O)=O	-1	Elimination + enol to keto
595_0	O	1	Elimination + enol to keto
595_0	C(C(CC(CO)O)=O)=O	1	Elimination + enol to keto
597_0	C(C(C(C(CO)O)O)O)=O	-1	Elimination + enol to keto
597_0	O	1	Elimination + enol to keto
597_0	C(C(CC(CO)=O)O)=O	1	Elimination + enol to keto
598_0	C(C(C(C(CO)O)O)O)=O	-1	Elimination + enol to keto
598_0	O	1	Elimination + enol to keto
598_0	C(C(C(C(C)=O)O)O)=O	1	Elimination + enol to keto
599_0	C(C(C(C(CO)O)O)O)=O	-1	Elimination + enol to keto
599_0	O	1	Elimination + enol to keto
599_0	C(CC(C(CO)O)=O)=O	1	Elimination + enol to keto
600_0	C(C(C(C(CO)O)O)O)=O	-1	Elimination + enol to keto
600_0	O	1	Elimination + enol to keto
600_0	C(C(C(CCO)=O)O)=O	1	Elimination + enol to keto
601_0	C(C(C(C(CO)O)O)O)=O	-1	Elimination + enol to keto
601_0	O	1	Elimination + enol to keto
601_0	C(CC(C(C=O)O)O)=O	1	Elimination + enol to keto
602_0	C(C(C(C(C(CO)O)O)O)O)=O	-1	Elimination + enol to keto
602_0	O	1	Elimination + enol to keto
602_0	C(C(CC(C(CO)O)O)=O)=O	1	Elimination + enol to keto
604_0	C(C(C(C(C(CO)O)O)O)O)=O	-1	Elimination + enol to keto
604_0	O	1	Elimination + enol to keto
604_0	C(CC(C=O)O)(C(CO)O)=O	1	Elimination + enol to keto
605_0	C(C(C(C(C(CO)O)O)O)O)=O	-1	Elimination + enol to keto
605_0	O	1	Elimination + enol to keto
605_0	C(C(C(C=O)O)O)(CCO)=O	1	Elimination + enol to keto
606_0	C(C(C(C(C(CO)O)O)O)O)=O	-1	Elimination + enol to keto
606_0	O	1	Elimination + enol to keto
606_0	C(CC(C(C(CO)O)O)=O)=O	1	Elimination + enol to keto
607_0	C(C(C(C(C(CO)O)O)O)O)=O	-1	Elimination + enol to keto
607_0	O	1	Elimination + enol to keto
607_0	C(C(C(CC(CO)O)=O)O)=O	1	Elimination + enol to keto
608_0	C(C(C(C(C(CO)O)O)O)O)=O	-1	Elimination + enol to keto
608_0	O	1	Elimination + enol to keto
608_0	C(CC(C(C(C=O)O)O)O)=O	1	Elimination + enol to keto
609_0	C(C(C(C(C(CO)O)O)O)O)=O	-1	Elimination + enol to keto
609_0	O	1	Elimination + enol to keto
609_0	C(C(C(CC(CO)=O)O)O)=O	1	Elimination + enol to keto
610_0	C(C(C(C(C(CO)O)O)O)O)=O	-1	Elimination + enol to keto
610_0	O	1	Elimination + enol to keto
610_0	C(C(C(C(C(C)=O)O)O)O)=O	1	Elimination + enol to keto
611_0	C(CO)(C(CO)O)=O	-1	Elimination + enol to keto
611_0	O	1	Elimination + enol to keto
611_0	C(CC(CO)=O)=O	1	Elimination + enol to keto
612_0	C(CO)(C(CO)O)=O	-1	Elimination + enol to keto
612_0	O	1	Elimination + enol to keto
612_0	C(C(CO)=O)(C)=O	1	Elimination + enol to keto
613_0	C(C(CO)O)O	-1	Elimination + enol to keto
613_0	O	1	Elimination + enol to keto
613_0	C(C)(CO)=O	1	Elimination + enol to keto
614_0	C(C(CO)O)O	-1	Elimination + enol to keto
614_0	O	1	Elimination + enol to keto
614_0	C(CCO)=O	1	Elimination + enol to keto
615_0	C(C(C(CO)O)O)O	-1	Elimination + enol to keto
615_0	O	1	Elimination + enol to keto
615_0	C(C)(C(CO)O)=O	1	Elimination + enol to keto
616_0	C(C(C(CO)O)O)O	-1	Elimination + enol to keto
616_0	O	1	Elimination + enol to keto
616_0	C(CO)(CCO)=O	1	Elimination + enol to keto
617_0	C(C(C(CO)O)O)O	-1	Elimination + enol to keto
617_0	O	1	Elimination + enol to keto
617_0	C(CC(CO)O)=O	1	Elimination + enol to keto
618_0	C(C(CO)O)(O)=O	-1	Elimination + enol to keto
618_0	O	1	Elimination + enol to keto
618_0	C(C(C)=O)(O)=O	1	Elimination + enol to keto
619_0	C(C(CO)O)(O)=O	-1	Elimination + enol to keto
619_0	O	1	Elimination + enol to keto
619_0	C(CC(O)=O)=O	1	Elimination + enol to keto
620_0	C(C(C(CO)O)O)(O)=O	-1	Elimination + enol to keto
620_0	O	1	Elimination + enol to keto
620_0	C(C(CCO)=O)(O)=O	1	Elimination + enol to keto
621_0	C(C(C(CO)O)O)(O)=O	-1	Elimination + enol to keto
621_0	O	1	Elimination + enol to keto
621_0	C(C(CC=O)O)(O)=O	1	Elimination + enol to keto
622_0	C(C(C(CO)O)O)(O)=O	-1	Elimination + enol to keto
622_0	O	1	Elimination + enol to keto
622_0	C(CC(CO)=O)(O)=O	1	Elimination + enol to keto
623_0	C(C(C(CO)O)O)(O)=O	-1	Elimination + enol to keto
623_0	O	1	Elimination + enol to keto
623_0	C(C(C(C)=O)O)(O)=O	1	Elimination + enol to keto
625_0	C(C(CO)(C(C(CO)O)O)O)=O	-1	Elimination + enol to keto
625_0	O	1	Elimination + enol to keto
625_0	C(C(CO)(CC(CO)=O)O)=O	1	Elimination + enol to keto
626_0	C(C(CO)(C(C(CO)O)O)O)=O	-1	Elimination + enol to keto
626_0	O	1	Elimination + enol to keto
626_0	C(C(CO)(C(C(C)=O)O)O)=O	1	Elimination + enol to keto
628_0	C(C(CO)(C(C(CO)O)O)O)=O	-1	Elimination + enol to keto
628_0	O	1	Elimination + enol to keto
628_0	C(C(C(CCO)=O)(CO)O)=O	1	Elimination + enol to keto
630_0	C(C(CO)(C(C(CO)O)O)O)=O	-1	Elimination + enol to keto
630_0	O	1	Elimination + enol to keto
630_0	C(C(C(C(CO)O)=O)CO)=O	1	Elimination + enol to keto
631_0	C(C(CO)(C(C(CO)O)O)O)=O	-1	Elimination + enol to keto
631_0	O	1	Elimination + enol to keto
631_0	C(C(CO)(C(CC=O)O)O)=O	1	Elimination + enol to keto
632_0	C(C(CO)(C(C(CO)O)O)O)=O	-1	Elimination + enol to keto
632_0	O	1	Elimination + enol to keto
632_0	C(C(C=O)C(C(CO)O)O)=O	1	Elimination + enol to keto
633_0	C(C(CO)(CO)O)=O	-1	Elimination + enol to keto
633_0	O	1	Elimination + enol to keto
633_0	C(C(C=O)CO)=O	1	Elimination + enol to keto
634_0	C(C(CO)(C(CO)O)O)=O	-1	Elimination + enol to keto
634_0	O	1	Elimination + enol to keto
634_0	C(C(CO)(CC=O)O)=O	1	Elimination + enol to keto
635_0	C(C(CO)(C(CO)O)O)=O	-1	Elimination + enol to keto
635_0	O	1	Elimination + enol to keto
635_0	C(C(C(C)=O)(CO)O)=O	1	Elimination + enol to keto
636_0	C(C(CO)(C(CO)O)O)=O	-1	Elimination + enol to keto
636_0	O	1	Elimination + enol to keto
636_0	C(C(C(CO)=O)CO)=O	1	Elimination + enol to keto
637_0	C(C(CO)(C(CO)O)O)=O	-1	Elimination + enol to keto
637_0	O	1	Elimination + enol to keto
637_0	C(C(C=O)C(CO)O)=O	1	Elimination + enol to keto
638_0	C(C(C(CO)O)(C(CO)O)O)=O	-1	Elimination + enol to keto
638_0	O	1	Elimination + enol to keto
638_0	C(C(C(CO)O)(CC=O)O)=O	1	Elimination + enol to keto
639_0	C(C(C(CO)O)(C(CO)O)O)=O	-1	Elimination + enol to keto
639_0	O	1	Elimination + enol to keto
639_0	C(C(C(C)=O)(C(CO)O)O)=O	1	Elimination + enol to keto
640_0	C(C(C(CO)O)(C(CO)O)O)=O	-1	Elimination + enol to keto
640_0	O	1	Elimination + enol to keto
640_0	C(C(C(CO)=O)C(CO)O)=O	1	Elimination + enol to keto
642_0	C(C(C(C(CO)O)O)O)(O)=O	-1	Elimination + enol to keto
642_0	O	1	Elimination + enol to keto
642_0	C(C(CC(CO)O)=O)(O)=O	1	Elimination + enol to keto
644_0	C(C(C(C(CO)O)O)O)(O)=O	-1	Elimination + enol to keto
644_0	O	1	Elimination + enol to keto
644_0	C(C(CC(CO)=O)O)(O)=O	1	Elimination + enol to keto
645_0	C(C(C(C(CO)O)O)O)(O)=O	-1	Elimination + enol to keto
645_0	O	1	Elimination + enol to keto
645_0	C(C(C(C(C)=O)O)O)(O)=O	1	Elimination + enol to keto
647_0	C(C(C(C(CO)O)O)O)(O)=O	-1	Elimination + enol to keto
647_0	O	1	Elimination + enol to keto
647_0	C(CC(C(CO)O)=O)(O)=O	1	Elimination + enol to keto
649_0	C(C(C(C(CO)O)O)O)(O)=O	-1	Elimination + enol to keto
649_0	O	1	Elimination + enol to keto
649_0	C(C(C(CCO)=O)O)(O)=O	1	Elimination + enol to keto
650_0	C(C(C(C(CO)O)O)O)(O)=O	-1	Elimination + enol to keto
650_0	O	1	Elimination + enol to keto
650_0	C(CC(C(C(O)=O)O)O)=O	1	Elimination + enol to keto
652_0	C(C(C(C(C(CO)O)O)O)O)(O)=O	-1	Elimination + enol to keto
652_0	O	1	Elimination + enol to keto
652_0	C(C(CC(C(CO)O)O)=O)(O)=O	1	Elimination + enol to keto
654_0	C(C(C(C(C(CO)O)O)O)O)(O)=O	-1	Elimination + enol to keto
654_0	O	1	Elimination + enol to keto
654_0	C(CC(C(O)=O)O)(C(CO)O)=O	1	Elimination + enol to keto
655_0	C(C(C(C(C(CO)O)O)O)O)(O)=O	-1	Elimination + enol to keto
655_0	O	1	Elimination + enol to keto
655_0	C(C(C(C(O)=O)O)O)(CCO)=O	1	Elimination + enol to keto
657_0	C(C(C(C(C(CO)O)O)O)O)(O)=O	-1	Elimination + enol to keto
657_0	O	1	Elimination + enol to keto
657_0	C(CC(C(C(CO)O)O)=O)(O)=O	1	Elimination + enol to keto
659_0	C(C(C(C(C(CO)O)O)O)O)(O)=O	-1	Elimination + enol to keto
659_0	O	1	Elimination + enol to keto
659_0	C(C(C(CC(CO)O)=O)O)(O)=O	1	Elimination + enol to keto
660_0	C(C(C(C(C(CO)O)O)O)O)(O)=O	-1	Elimination + enol to keto
660_0	O	1	Elimination + enol to keto
660_0	C(CC(C(C(C(O)=O)O)O)O)=O	1	Elimination + enol to keto
661_0	C(C(C(C(C(CO)O)O)O)O)(O)=O	-1	Elimination + enol to keto
661_0	O	1	Elimination + enol to keto
661_0	C(C(C(CC(CO)=O)O)O)(O)=O	1	Elimination + enol to keto
662_0	C(C(C(C(C(CO)O)O)O)O)(O)=O	-1	Elimination + enol to keto
662_0	O	1	Elimination + enol to keto
662_0	C(C(C(C(C(C)=O)O)O)O)(O)=O	1	Elimination + enol to keto
664_0	C1C(C(C(O)O1)O)O	-1	Elimination + enol to keto
664_0	O	1	Elimination + enol to keto
664_0	C1(COCC1O)=O	1	Elimination + enol to keto
666_0	C1C(C(C(O)O1)O)O	-1	Elimination + enol to keto
666_0	O	1	Elimination + enol to keto
666_0	C1(C(O)OCC1)=O	1	Elimination + enol to keto
668_0	C1C(C(C(O)O1)O)O	-1	Elimination + enol to keto
668_0	O	1	Elimination + enol to keto
668_0	C1(CC(CO1)O)=O	1	Elimination + enol to keto
670_0	C1C(C(C(O)O1)O)O	-1	Elimination + enol to keto
670_0	O	1	Elimination + enol to keto
670_0	C1(COC(C1)O)=O	1	Elimination + enol to keto
672_0	C(C(CCO)=O)=O	-1	Elimination2
672_0	O	1	Elimination2
672_0	C=CC(C=O)=O	1	Elimination2
674_0	C(CC(C=O)O)=O	-1	Elimination2
674_0	O	1	Elimination2
674_0	C(C=CC=O)=O	1	Elimination2
675_0	O	-1	Hydration of C(=O)C
675_0	C(C(C)=O)=O	-1	Hydration of C(=O)C
675_0	C(C(CO)O)=O	1	Hydration of C(=O)C
676_0	O	-1	Hydration of C(=O)C
676_0	C(CC=O)=O	-1	Hydration of C(=O)C
676_0	C(C(CO)O)=O	1	Hydration of C(=O)C
677_0	O	-1	Hydration of C(=O)C
677_0	C(C(CCO)=O)=O	-1	Hydration of C(=O)C
677_0	C(C(C(CO)O)O)=O	1	Hydration of C(=O)C
678_0	O	-1	Hydration of C(=O)C
678_0	C(CC(C=O)O)=O	-1	Hydration of C(=O)C
678_0	C(C(C(CO)O)O)=O	1	Hydration of C(=O)C
679_0	O	-1	Hydration of C(=O)C
679_0	C(CC(CO)=O)=O	-1	Hydration of C(=O)C
679_0	C(CO)(C(CO)O)=O	1	Hydration of C(=O)C
680_0	O	-1	Hydration of C(=O)C
680_0	C(CC(CO)=O)=O	-1	Hydration of C(=O)C
680_0	C(C(C(CO)O)O)=O	1	Hydration of C(=O)C
681_0	O	-1	Hydration of C(=O)C
681_0	C(C(C(C)=O)O)=O	-1	Hydration of C(=O)C
681_0	C(C(C(CO)O)O)=O	1	Hydration of C(=O)C
682_0	O	-1	Hydration of C(=O)C
682_0	C(C)=O	-1	Hydration of C(=O)C
682_0	C(CO)O	1	Hydration of C(=O)C
684_0	C(C(C(C(CO)O)O)O)=O	-1	Hemiacetal Formation for 5 membered rings
684_0	C(C1C(C(C(O)O1)O)O)O	1	Hemiacetal Formation for 5 membered rings
686_0	C(C(C(C(C(CO)O)O)O)O)=O	-1	Hemiacetal Formation for 5 membered rings
686_0	C(C(C1C(C(C(O)O1)O)O)O)O	1	Hemiacetal Formation for 5 membered rings
688_0	C(C(CO)(C(C(CO)O)O)O)=O	-1	Hemiacetal Formation for 5 membered rings
688_0	C1(C(CO)(C(C(CO)O1)O)O)O	1	Hemiacetal Formation for 5 membered rings
690_0	C(C(CO)(C(CO)O)O)=O	-1	Hemiacetal Formation for 5 membered rings
690_0	C1C(C(C(O)O1)(CO)O)O	1	Hemiacetal Formation for 5 membered rings
692_0	C(C(C(CO)O)(C(CO)O)O)=O	-1	Hemiacetal Formation for 5 membered rings
692_0	C1C(C(C(O)O1)(C(CO)O)O)O	1	Hemiacetal Formation for 5 membered rings
693_0	C(C(CCO)=O)=O	-1	Hemiacetal Formation for 5 membered rings
693_0	C1(C(O)OCC1)=O	1	Hemiacetal Formation for 5 membered rings
694_0	C(CC(CO)=O)=O	-1	Hemiacetal Formation for 5 membered rings
694_0	C1(COC(C1)O)=O	1	Hemiacetal Formation for 5 membered rings
696_0	C(C(C(C(CO)O)O)O)=O	-1	Hemiacetal Formation for 6 membered rings
696_0	C1C(C(C(C(O)O1)O)O)O	1	Hemiacetal Formation for 6 membered rings
698_0	C(C(C(C(C(CO)O)O)O)O)=O	-1	Hemiacetal Formation for 6 membered rings
698_0	C(C1C(C(C(C(O)O1)O)O)O)O	1	Hemiacetal Formation for 6 membered rings
700_0	C(C(CO)(C(C(CO)O)O)O)=O	-1	Hemiacetal Formation for 6 membered rings
700_0	C1C(C(C(C(O)O1)(CO)O)O)O	1	Hemiacetal Formation for 6 membered rings
702_0	C(C(C(C(C(CO)O)O)O)O)=O	-1	Hemiacetal Formation for 7 membered rings
702_0	C1C(C(C(C(C(O)O1)O)O)O)O	1	Hemiacetal Formation for 7 membered rings
703_0	C1C(C(C(O)O1)O)O	-1	Hemiacetal Formation for 5 membered rings, inverse
703_0	C(C(C(CO)O)O)=O	1	Hemiacetal Formation for 5 membered rings, inverse
705_0	C(C(C(CO)O)O)(O)=O	-1	Ring Closure 5 membered O, O
705_0	O	1	Ring Closure 5 membered O, O
705_0	C1(C(C(CO1)O)O)=O	1	Ring Closure 5 membered O, O
707_0	C(C(C(C(CO)O)O)O)(O)=O	-1	Ring Closure 5 membered O, O
707_0	O	1	Ring Closure 5 membered O, O
707_0	C1(C(C(C(CO)O1)O)O)=O	1	Ring Closure 5 membered O, O
709_0	C(C(C(C(C(CO)O)O)O)O)(O)=O	-1	Ring Closure 5 membered O, O
709_0	O	1	Ring Closure 5 membered O, O
709_0	C1(C(C(C(C(CO)O)O1)O)O)=O	1	Ring Closure 5 membered O, O
711_0	C(C(C(C(CO)O)O)O)(O)=O	-1	Ring Closure 6 membered O, O
711_0	O	1	Ring Closure 6 membered O, O
711_0	C1(C(C(C(CO1)O)O)O)=O	1	Ring Closure 6 membered O, O
713_0	C(C(C(C(C(CO)O)O)O)O)(O)=O	-1	Ring Closure 6 membered O, O
713_0	O	1	Ring Closure 6 membered O, O
713_0	C1(C(C(C(C(CO)O1)O)O)O)=O	1	Ring Closure 6 membered O, O
715_0	C(C(C(C(C(CO)O)O)O)O)(O)=O	-1	Ring Closure 7 membered O, O
715_0	O	1	Ring Closure 7 membered O, O
715_0	C1(C(C(C(C(CO1)O)O)O)O)=O	1	Ring Closure 7 membered O, O
