8_0	C(C(C)=O)(O)=O	-1	Alpha-Keto Acid Decarboxylation
8_0	C(C)=O	1	Alpha-Keto Acid Decarboxylation
8_0	C(=O)=O	1	Alpha-Keto Acid Decarboxylation
10_0	C(C(C)=O)(O)=O	-1	Fe2 ---> Fe3 Alpha Keto Reduction of a Carboxylic Acid (Fe2+ to Fe3+)
10_0	[H+]	-1	Fe2 ---> Fe3 Alpha Keto Reduction of a Carboxylic Acid (Fe2+ to Fe3+)
10_0	[Fe+2]	-1	Fe2 ---> Fe3 Alpha Keto Reduction of a Carboxylic Acid (Fe2+ to Fe3+)
10_0	[Fe+2]	-1	Fe2 ---> Fe3 Alpha Keto Reduction of a Carboxylic Acid (Fe2+ to Fe3+)
10_0	[Fe+3]	1	Fe2 ---> Fe3 Alpha Keto Reduction of a Carboxylic Acid (Fe2+ to Fe3+)
10_0	[Fe+3]	1	Fe2 ---> Fe3 Alpha Keto Reduction of a Carboxylic Acid (Fe2+ to Fe3+)
10_0	C([C](C)O)(O)=O	1	Fe2 ---> Fe3 Alpha Keto Reduction of a Carboxylic Acid (Fe2+ to Fe3+)
12_0	C(C(C)=O)(O)=O	-1	Fe2 ---> Fe3 Conversion of Alpha Keto Group of an ACID to Alpha Hydro group
12_0	[H+]	-1	Fe2 ---> Fe3 Conversion of Alpha Keto Group of an ACID to Alpha Hydro group
12_0	[H+]	-1	Fe2 ---> Fe3 Conversion of Alpha Keto Group of an ACID to Alpha Hydro group
12_0	[Fe+2]	-1	Fe2 ---> Fe3 Conversion of Alpha Keto Group of an ACID to Alpha Hydro group
12_0	[Fe+2]	-1	Fe2 ---> Fe3 Conversion of Alpha Keto Group of an ACID to Alpha Hydro group
12_0	[Fe+3]	1	Fe2 ---> Fe3 Conversion of Alpha Keto Group of an ACID to Alpha Hydro group
12_0	[Fe+3]	1	Fe2 ---> Fe3 Conversion of Alpha Keto Group of an ACID to Alpha Hydro group
12_0	C(C(C)O)(O)=O	1	Fe2 ---> Fe3 Conversion of Alpha Keto Group of an ACID to Alpha Hydro group
14_0	C(C)=O	-1	Aldol Condensation
14_0	C(C)=O	-1	Aldol Condensation
14_0	C(CC(C)O)=O	1	Aldol Condensation
16_0	C(C)=O	-1	Aldol Condensation
16_0	C(=O)=O	-1	Aldol Condensation
16_0	C(CC(O)=O)=O	1	Aldol Condensation
18_0	C(C(C)O)(O)=O	-1	Benzilic Acid Rearrangement (inverse)
18_0	O	1	Benzilic Acid Rearrangement (inverse)
18_0	C(C(C)=O)=O	1	Benzilic Acid Rearrangement (inverse)
20_0	C([C](C)O)(O)=O	-1	Elimination2
20_0	O	1	Elimination2
20_0	[C](C(O)=O)=C	1	Elimination2
22_0	C(C(C)O)(O)=O	-1	Elimination2
22_0	O	1	Elimination2
22_0	C=CC(O)=O	1	Elimination2
24_0	O	-1	Hydration of C(=O)C
24_0	C(C)=O	-1	Hydration of C(=O)C
24_0	C(CO)O	1	Hydration of C(=O)C
25_0	[Fe+3]	-1	Fe3 ---> Fe2 Conversion of Alpha Hydro Group of an ACID to Alpha Keto group
25_0	[Fe+3]	-1	Fe3 ---> Fe2 Conversion of Alpha Hydro Group of an ACID to Alpha Keto group
25_0	C(C(C)O)(O)=O	-1	Fe3 ---> Fe2 Conversion of Alpha Hydro Group of an ACID to Alpha Keto group
25_0	C(C(C)=O)(O)=O	1	Fe3 ---> Fe2 Conversion of Alpha Hydro Group of an ACID to Alpha Keto group
25_0	[H+]	1	Fe3 ---> Fe2 Conversion of Alpha Hydro Group of an ACID to Alpha Keto group
25_0	[H+]	1	Fe3 ---> Fe2 Conversion of Alpha Hydro Group of an ACID to Alpha Keto group
25_0	[Fe+2]	1	Fe3 ---> Fe2 Conversion of Alpha Hydro Group of an ACID to Alpha Keto group
25_0	[Fe+2]	1	Fe3 ---> Fe2 Conversion of Alpha Hydro Group of an ACID to Alpha Keto group
26_0	O	-1	Benzilic Acid Rearrangement
26_0	C(C(C)=O)=O	-1	Benzilic Acid Rearrangement
26_0	C(C(C)O)(O)=O	1	Benzilic Acid Rearrangement
26_1	O	-1	Cannizarro 1
26_1	C(C(C)=O)=O	-1	Cannizarro 1
26_1	C(C(C)O)(O)=O	1	Cannizarro 1
27_0	C(CC(C)O)=O	-1	Retro Aldol
27_0	C(C)=O	1	Retro Aldol
27_0	C(C)=O	1	Retro Aldol
28_0	C(CC(O)=O)=O	-1	Retro Aldol
28_0	C(C)=O	1	Retro Aldol
28_0	C(=O)=O	1	Retro Aldol
28_1	C(CC(O)=O)=O	-1	Beta Decarboxylation
28_1	C(C)=O	1	Beta Decarboxylation
28_1	C(=O)=O	1	Beta Decarboxylation
29_0	C(CO)O	-1	Elimination + enol to keto
29_0	O	1	Elimination + enol to keto
29_0	C(C)=O	1	Elimination + enol to keto
31_0	C(CC(C)O)=O	-1	Elimination2
31_0	O	1	Elimination2
31_0	C(C)=CC=O	1	Elimination2
33_0	C(CC(C)O)=O	-1	Elimination2
33_0	O	1	Elimination2
33_0	C(CC=C)=O	1	Elimination2
35_0	O	-1	Hydration of C(=O)C
35_0	C(C(C)=O)=O	-1	Hydration of C(=O)C
35_0	C(C(CO)O)=O	1	Hydration of C(=O)C
36_0	O	-1	Hydration of C=C(O)
36_0	[C](C(O)=O)=C	-1	Hydration of C=C(O)
36_0	C([C](C)O)(O)=O	1	Hydration of C=C(O)
38_0	O	-1	Hydration of C=C(O)
38_0	[C](C(O)=O)=C	-1	Hydration of C=C(O)
38_0	C([CH]CO)(O)=O	1	Hydration of C=C(O)
39_0	O	-1	Hydration of C=C(O)
39_0	C=CC(O)=O	-1	Hydration of C=C(O)
39_0	C(C(C)O)(O)=O	1	Hydration of C=C(O)
41_0	O	-1	Hydration of C=C(O)
41_0	C=CC(O)=O	-1	Hydration of C=C(O)
41_0	C(CCO)(O)=O	1	Hydration of C=C(O)
43_0	C=CC(O)=O	-1	Alpha-Beta Unsaturated Acid Decarboxylation
43_0	C(=O)=O	1	Alpha-Beta Unsaturated Acid Decarboxylation
43_0	C=C	1	Alpha-Beta Unsaturated Acid Decarboxylation
45_0	[H+]	-1	Fe2 ---> Fe3 Conversion of Alpha Hydroxy Group of an aldehyde to Alpha Keto group, inverse
45_0	[H+]	-1	Fe2 ---> Fe3 Conversion of Alpha Hydroxy Group of an aldehyde to Alpha Keto group, inverse
45_0	[Fe+2]	-1	Fe2 ---> Fe3 Conversion of Alpha Hydroxy Group of an aldehyde to Alpha Keto group, inverse
45_0	[Fe+2]	-1	Fe2 ---> Fe3 Conversion of Alpha Hydroxy Group of an aldehyde to Alpha Keto group, inverse
45_0	C(C(C)=O)=O	-1	Fe2 ---> Fe3 Conversion of Alpha Hydroxy Group of an aldehyde to Alpha Keto group, inverse
45_0	[Fe+3]	1	Fe2 ---> Fe3 Conversion of Alpha Hydroxy Group of an aldehyde to Alpha Keto group, inverse
45_0	[Fe+3]	1	Fe2 ---> Fe3 Conversion of Alpha Hydroxy Group of an aldehyde to Alpha Keto group, inverse
45_0	C(C(C)O)=O	1	Fe2 ---> Fe3 Conversion of Alpha Hydroxy Group of an aldehyde to Alpha Keto group, inverse
48_0	C(C(CO)O)=O	-1	Retro Aldol
48_0	C=O	1	Retro Aldol
48_0	C(CO)=O	1	Retro Aldol
48_1	C(C(CO)O)=O	-1	Knoevenagel H (inv)
48_1	C=O	1	Knoevenagel H (inv)
48_1	C(CO)=O	1	Knoevenagel H (inv)
50_0	C(C(CO)O)=O	-1	Keto-enol migration twice
50_0	C(CO)(CO)=O	1	Keto-enol migration twice
52_0	C(C(C)O)=O	-1	Keto-enol migration twice
52_0	C(C)(CO)=O	1	Keto-enol migration twice
54_0	C(C(CO)O)=O	-1	Elimination + enol to keto
54_0	O	1	Elimination + enol to keto
54_0	C(CC=O)=O	1	Elimination + enol to keto
55_0	C(C(CO)O)=O	-1	Elimination + enol to keto
55_0	O	1	Elimination + enol to keto
55_0	C(C(C)=O)=O	1	Elimination + enol to keto
56_0	C([CH]CO)(O)=O	-1	Elimination2
56_0	O	1	Elimination2
56_0	[C](C(O)=O)=C	1	Elimination2
57_0	C(CCO)(O)=O	-1	Elimination2
57_0	O	1	Elimination2
57_0	C=CC(O)=O	1	Elimination2
59_0	C(C(C)O)=O	-1	Elimination2
59_0	O	1	Elimination2
59_0	C=CC=O	1	Elimination2
61_0	O	-1	Hydration of C(=O)C
61_0	C(CC=C)=O	-1	Hydration of C(=O)C
61_0	C=CC(CO)O	1	Hydration of C(=O)C
62_0	O	-1	Hydration of C=C(O)
62_0	C(C)=CC=O	-1	Hydration of C=C(O)
62_0	C(CC(C)O)=O	1	Hydration of C=C(O)
64_0	O	-1	Hydration of C=C(O)
64_0	C(C)=CC=O	-1	Hydration of C=C(O)
64_0	C(C(CC)O)=O	1	Hydration of C=C(O)
65_0	O	-1	Hydration of C=C(O)
65_0	C(CC=C)=O	-1	Hydration of C=C(O)
65_0	C(CC(C)O)=O	1	Hydration of C=C(O)
67_0	O	-1	Hydration of C=C(O)
67_0	C(CC=C)=O	-1	Hydration of C=C(O)
67_0	C(CCCO)=O	1	Hydration of C=C(O)
69_0	O	-1	Hydration of C=C(O)
69_0	C=C	-1	Hydration of C=C(O)
69_0	CCO	1	Hydration of C=C(O)
70_0	[OH-]	-1	Fe3 ---> Fe2 Aldehyde to acid
70_0	[Fe+3]	-1	Fe3 ---> Fe2 Aldehyde to acid
70_0	[Fe+3]	-1	Fe3 ---> Fe2 Aldehyde to acid
70_0	C(C(C)O)=O	-1	Fe3 ---> Fe2 Aldehyde to acid
70_0	[H+]	1	Fe3 ---> Fe2 Aldehyde to acid
70_0	[Fe+2]	1	Fe3 ---> Fe2 Aldehyde to acid
70_0	[Fe+2]	1	Fe3 ---> Fe2 Aldehyde to acid
70_0	C(C(C)O)(O)=O	1	Fe3 ---> Fe2 Aldehyde to acid
71_0	[Fe+3]	-1	Fe3 Complex Beta elimination from a sugar and Conversion to Acid
71_0	C(C(CO)O)=O	-1	Fe3 Complex Beta elimination from a sugar and Conversion to Acid
71_0	[Fe+3]	1	Fe3 Complex Beta elimination from a sugar and Conversion to Acid
71_0	C(C(C)O)(O)=O	1	Fe3 Complex Beta elimination from a sugar and Conversion to Acid
73_0	[Fe+3]	-1	Fe3 ---> Fe2 Conversion of Alpha Hydroxy Group of an aldehyde to Alpha Keto group
73_0	[Fe+3]	-1	Fe3 ---> Fe2 Conversion of Alpha Hydroxy Group of an aldehyde to Alpha Keto group
73_0	C(C(CO)O)=O	-1	Fe3 ---> Fe2 Conversion of Alpha Hydroxy Group of an aldehyde to Alpha Keto group
73_0	[H+]	1	Fe3 ---> Fe2 Conversion of Alpha Hydroxy Group of an aldehyde to Alpha Keto group
73_0	[H+]	1	Fe3 ---> Fe2 Conversion of Alpha Hydroxy Group of an aldehyde to Alpha Keto group
73_0	[Fe+2]	1	Fe3 ---> Fe2 Conversion of Alpha Hydroxy Group of an aldehyde to Alpha Keto group
73_0	[Fe+2]	1	Fe3 ---> Fe2 Conversion of Alpha Hydroxy Group of an aldehyde to Alpha Keto group
73_0	C(C(CO)=O)=O	1	Fe3 ---> Fe2 Conversion of Alpha Hydroxy Group of an aldehyde to Alpha Keto group
74_0	[Fe+3]	-1	Fe3 ---> Fe2 Conversion of Alpha Hydroxy Group of an aldehyde to Alpha Keto group
74_0	[Fe+3]	-1	Fe3 ---> Fe2 Conversion of Alpha Hydroxy Group of an aldehyde to Alpha Keto group
74_0	C(C(C)O)=O	-1	Fe3 ---> Fe2 Conversion of Alpha Hydroxy Group of an aldehyde to Alpha Keto group
74_0	[H+]	1	Fe3 ---> Fe2 Conversion of Alpha Hydroxy Group of an aldehyde to Alpha Keto group
74_0	[H+]	1	Fe3 ---> Fe2 Conversion of Alpha Hydroxy Group of an aldehyde to Alpha Keto group
74_0	[Fe+2]	1	Fe3 ---> Fe2 Conversion of Alpha Hydroxy Group of an aldehyde to Alpha Keto group
74_0	[Fe+2]	1	Fe3 ---> Fe2 Conversion of Alpha Hydroxy Group of an aldehyde to Alpha Keto group
74_0	C(C(C)=O)=O	1	Fe3 ---> Fe2 Conversion of Alpha Hydroxy Group of an aldehyde to Alpha Keto group
75_0	C=O	-1	Aldol Condensation
75_0	C(CO)=O	-1	Aldol Condensation
75_0	C(C(CO)O)=O	1	Aldol Condensation
75_1	C=O	-1	Knoevenagel H
75_1	C(CO)=O	-1	Knoevenagel H
75_1	C(C(CO)O)=O	1	Knoevenagel H
77_0	C(C)=O	-1	Aldol Condensation
77_0	C=O	-1	Aldol Condensation
77_0	C(CCO)=O	1	Aldol Condensation
79_0	C(C(CO)=O)=O	-1	Retro Aldol
79_0	C=O	1	Retro Aldol
79_0	C(C=O)=O	1	Retro Aldol
80_0	C(CO)=O	-1	Keto-enol migration twice
80_0	C(CO)=O	1	Keto-enol migration twice
81_0	C(CO)(CO)=O	-1	Keto-enol migration twice
81_0	C(C(CO)O)=O	1	Keto-enol migration twice
82_0	C(C)(CO)=O	-1	Keto-enol migration twice
82_0	C(C(C)O)=O	1	Keto-enol migration twice
84_0	C(C(CC)O)=O	-1	Keto-enol migration twice
84_0	C(CO)(CC)=O	1	Keto-enol migration twice
86_0	C(C(CO)=O)=O	-1	Keto-enol migration twice
86_0	C(C(C=O)O)=O	1	Keto-enol migration twice
89_0	O	-1	Cannizarro 2, HCHO (oxidation)
89_0	C=O	-1	Cannizarro 2, HCHO (oxidation)
89_0	C=O	-1	Cannizarro 2, HCHO (oxidation)
89_0	C(O)=O	1	Cannizarro 2, HCHO (oxidation)
89_0	CO	1	Cannizarro 2, HCHO (oxidation)
89_1	O	-1	Cannizarro 2, HCHO (reduction)
89_1	C=O	-1	Cannizarro 2, HCHO (reduction)
89_1	C=O	-1	Cannizarro 2, HCHO (reduction)
89_1	C(O)=O	1	Cannizarro 2, HCHO (reduction)
89_1	CO	1	Cannizarro 2, HCHO (reduction)
90_0	O	-1	Cannizarro 2, HCHO (oxidation)
90_0	C=O	-1	Cannizarro 2, HCHO (oxidation)
90_0	C(CO)=O	-1	Cannizarro 2, HCHO (oxidation)
90_0	C(CO)O	1	Cannizarro 2, HCHO (oxidation)
90_0	C(O)=O	1	Cannizarro 2, HCHO (oxidation)
91_0	O	-1	Cannizarro 2, HCHO (oxidation)
91_0	C=O	-1	Cannizarro 2, HCHO (oxidation)
91_0	C(CC=O)=O	-1	Cannizarro 2, HCHO (oxidation)
91_0	C(CCO)=O	1	Cannizarro 2, HCHO (oxidation)
91_0	C(O)=O	1	Cannizarro 2, HCHO (oxidation)
93_0	O	-1	Cannizarro 2, HCHO (oxidation)
93_0	C=O	-1	Cannizarro 2, HCHO (oxidation)
93_0	C=CC=O	-1	Cannizarro 2, HCHO (oxidation)
93_0	C(O)=O	1	Cannizarro 2, HCHO (oxidation)
93_0	C=CCO	1	Cannizarro 2, HCHO (oxidation)
95_0	O	-1	Cannizarro 2, HCHO (oxidation)
95_0	C=O	-1	Cannizarro 2, HCHO (oxidation)
95_0	C(C(CC)O)=O	-1	Cannizarro 2, HCHO (oxidation)
95_0	C(O)=O	1	Cannizarro 2, HCHO (oxidation)
95_0	CCC(CO)O	1	Cannizarro 2, HCHO (oxidation)
97_0	O	-1	Cannizarro 2, HCHO (oxidation)
97_0	C=O	-1	Cannizarro 2, HCHO (oxidation)
97_0	C(CCCO)=O	-1	Cannizarro 2, HCHO (oxidation)
97_0	C(O)=O	1	Cannizarro 2, HCHO (oxidation)
97_0	C(CCCO)O	1	Cannizarro 2, HCHO (oxidation)
98_0	O	-1	Cannizarro 2, HCHO (oxidation)
98_0	C=O	-1	Cannizarro 2, HCHO (oxidation)
98_0	C(C(CO)=O)=O	-1	Cannizarro 2, HCHO (oxidation)
98_0	C(CO)(CO)=O	1	Cannizarro 2, HCHO (oxidation)
98_0	C(O)=O	1	Cannizarro 2, HCHO (oxidation)
99_0	O	-1	Cannizarro 2, HCHO (oxidation)
99_0	C(C)=O	-1	Cannizarro 2, HCHO (oxidation)
99_0	C=O	-1	Cannizarro 2, HCHO (oxidation)
99_0	CCO	1	Cannizarro 2, HCHO (oxidation)
99_0	C(O)=O	1	Cannizarro 2, HCHO (oxidation)
101_0	O	-1	Cannizarro 2, HCHO (oxidation)
101_0	C(CC(C)O)=O	-1	Cannizarro 2, HCHO (oxidation)
101_0	C=O	-1	Cannizarro 2, HCHO (oxidation)
101_0	C(O)=O	1	Cannizarro 2, HCHO (oxidation)
101_0	CC(CCO)O	1	Cannizarro 2, HCHO (oxidation)
102_0	O	-1	Cannizarro 2, HCHO (oxidation)
102_0	C(CC(O)=O)=O	-1	Cannizarro 2, HCHO (oxidation)
102_0	C=O	-1	Cannizarro 2, HCHO (oxidation)
102_0	C(CCO)(O)=O	1	Cannizarro 2, HCHO (oxidation)
102_0	C(O)=O	1	Cannizarro 2, HCHO (oxidation)
103_0	O	-1	Cannizarro 2, HCHO (oxidation)
103_0	C(C(C)=O)=O	-1	Cannizarro 2, HCHO (oxidation)
103_0	C=O	-1	Cannizarro 2, HCHO (oxidation)
103_0	C(C)(CO)=O	1	Cannizarro 2, HCHO (oxidation)
103_0	C(O)=O	1	Cannizarro 2, HCHO (oxidation)
105_0	O	-1	Cannizarro 2, HCHO (oxidation)
105_0	C(C)=CC=O	-1	Cannizarro 2, HCHO (oxidation)
105_0	C=O	-1	Cannizarro 2, HCHO (oxidation)
105_0	C(O)=O	1	Cannizarro 2, HCHO (oxidation)
105_0	C(C)=CCO	1	Cannizarro 2, HCHO (oxidation)
107_0	O	-1	Cannizarro 2, HCHO (oxidation)
107_0	C(CC=C)=O	-1	Cannizarro 2, HCHO (oxidation)
107_0	C=O	-1	Cannizarro 2, HCHO (oxidation)
107_0	C(O)=O	1	Cannizarro 2, HCHO (oxidation)
107_0	C=CCCO	1	Cannizarro 2, HCHO (oxidation)
109_0	O	-1	Cannizarro 2, HCHO (oxidation)
109_0	C(C(CO)O)=O	-1	Cannizarro 2, HCHO (oxidation)
109_0	C=O	-1	Cannizarro 2, HCHO (oxidation)
109_0	C(O)=O	1	Cannizarro 2, HCHO (oxidation)
109_0	C(C(CO)O)O	1	Cannizarro 2, HCHO (oxidation)
111_0	O	-1	Cannizarro 2, HCHO (oxidation)
111_0	C(C(C)O)=O	-1	Cannizarro 2, HCHO (oxidation)
111_0	C=O	-1	Cannizarro 2, HCHO (oxidation)
111_0	C(O)=O	1	Cannizarro 2, HCHO (oxidation)
111_0	CC(CO)O	1	Cannizarro 2, HCHO (oxidation)
113_0	O	-1	Cannizarro 2, HCHO (reduction)
113_0	C=O	-1	Cannizarro 2, HCHO (reduction)
113_0	C(CO)=O	-1	Cannizarro 2, HCHO (reduction)
113_0	CO	1	Cannizarro 2, HCHO (reduction)
113_0	C(CO)(O)=O	1	Cannizarro 2, HCHO (reduction)
114_0	O	-1	Cannizarro 2, HCHO (reduction)
114_0	C=O	-1	Cannizarro 2, HCHO (reduction)
114_0	C(CC=O)=O	-1	Cannizarro 2, HCHO (reduction)
114_0	C(CC(O)=O)=O	1	Cannizarro 2, HCHO (reduction)
114_0	CO	1	Cannizarro 2, HCHO (reduction)
115_0	O	-1	Cannizarro 2, HCHO (reduction)
115_0	C=O	-1	Cannizarro 2, HCHO (reduction)
115_0	C=CC=O	-1	Cannizarro 2, HCHO (reduction)
115_0	C=CC(O)=O	1	Cannizarro 2, HCHO (reduction)
115_0	CO	1	Cannizarro 2, HCHO (reduction)
117_0	O	-1	Cannizarro 2, HCHO (reduction)
117_0	C(C)=O	-1	Cannizarro 2, HCHO (reduction)
117_0	C=O	-1	Cannizarro 2, HCHO (reduction)
117_0	CO	1	Cannizarro 2, HCHO (reduction)
117_0	C(C)(O)=O	1	Cannizarro 2, HCHO (reduction)
118_0	O	-1	Cannizarro 2, HCHO (reduction)
118_0	C(C(C)=O)=O	-1	Cannizarro 2, HCHO (reduction)
118_0	C=O	-1	Cannizarro 2, HCHO (reduction)
118_0	C(C(C)=O)(O)=O	1	Cannizarro 2, HCHO (reduction)
118_0	CO	1	Cannizarro 2, HCHO (reduction)
120_0	O	-1	Cannizarro 2, HCHO (reduction)
120_0	C(C)=CC=O	-1	Cannizarro 2, HCHO (reduction)
120_0	C=O	-1	Cannizarro 2, HCHO (reduction)
120_0	CO	1	Cannizarro 2, HCHO (reduction)
120_0	C(C)=CC(O)=O	1	Cannizarro 2, HCHO (reduction)
122_0	O	-1	Cannizarro 2, HCHO (reduction)
122_0	C(CC=C)=O	-1	Cannizarro 2, HCHO (reduction)
122_0	C=O	-1	Cannizarro 2, HCHO (reduction)
122_0	CO	1	Cannizarro 2, HCHO (reduction)
122_0	C(CC=C)(O)=O	1	Cannizarro 2, HCHO (reduction)
123_0	O	-1	Cannizarro 2, HCHO (reduction)
123_0	C(C(C)O)=O	-1	Cannizarro 2, HCHO (reduction)
123_0	C=O	-1	Cannizarro 2, HCHO (reduction)
123_0	C(C(C)O)(O)=O	1	Cannizarro 2, HCHO (reduction)
123_0	CO	1	Cannizarro 2, HCHO (reduction)
125_0	C=CC(CO)O	-1	Elimination + enol to keto
125_0	O	1	Elimination + enol to keto
125_0	C=CC(C)=O	1	Elimination + enol to keto
126_0	C=CC(CO)O	-1	Elimination + enol to keto
126_0	O	1	Elimination + enol to keto
126_0	C(CC=C)=O	1	Elimination + enol to keto
127_0	C(C(CC)O)=O	-1	Elimination2
127_0	O	1	Elimination2
127_0	C(C)=CC=O	1	Elimination2
128_0	C(CCCO)=O	-1	Elimination2
128_0	O	1	Elimination2
128_0	C(CC=C)=O	1	Elimination2
129_0	CCO	-1	Elimination2
129_0	O	1	Elimination2
129_0	C=C	1	Elimination2
130_0	O	-1	Hydration of C(=O)C
130_0	C(C)(CO)=O	-1	Hydration of C(=O)C
130_0	C(C(CO)O)O	1	Hydration of C(=O)C
131_0	O	-1	Hydration of C(=O)C
131_0	C(CC=O)=O	-1	Hydration of C(=O)C
131_0	C(C(CO)O)=O	1	Hydration of C(=O)C
132_0	O	-1	Hydration of C=C(O)
132_0	C=CC=O	-1	Hydration of C=C(O)
132_0	C(C(C)O)=O	1	Hydration of C=C(O)
133_0	O	-1	Hydration of C=C(O)
133_0	C=CC=O	-1	Hydration of C=C(O)
133_0	C(CCO)=O	1	Hydration of C=C(O)
135_0	C(CCCO)=O	-1	Hemiacetal Formation for 5 membered rings
135_0	C1CCC(O)O1	1	Hemiacetal Formation for 5 membered rings
136_0	C(CCCO)=O	-1	Michael Addition 0,2, (reverse)
136_0	C=CC=O	1	Michael Addition 0,2, (reverse)
136_0	CO	1	Michael Addition 0,2, (reverse)
137_0	[OH-]	-1	Fe3 ---> Fe2 Aldehyde to acid
137_0	[Fe+3]	-1	Fe3 ---> Fe2 Aldehyde to acid
137_0	[Fe+3]	-1	Fe3 ---> Fe2 Aldehyde to acid
137_0	C(CO)=O	-1	Fe3 ---> Fe2 Aldehyde to acid
137_0	[H+]	1	Fe3 ---> Fe2 Aldehyde to acid
137_0	[Fe+2]	1	Fe3 ---> Fe2 Aldehyde to acid
137_0	[Fe+2]	1	Fe3 ---> Fe2 Aldehyde to acid
137_0	C(CO)(O)=O	1	Fe3 ---> Fe2 Aldehyde to acid
138_0	[Fe+3]	-1	Fe3 ---> Fe2 Conversion of Alpha Hydroxy Group of an aldehyde to Alpha Keto group
138_0	[Fe+3]	-1	Fe3 ---> Fe2 Conversion of Alpha Hydroxy Group of an aldehyde to Alpha Keto group
138_0	C(CO)=O	-1	Fe3 ---> Fe2 Conversion of Alpha Hydroxy Group of an aldehyde to Alpha Keto group
138_0	[H+]	1	Fe3 ---> Fe2 Conversion of Alpha Hydroxy Group of an aldehyde to Alpha Keto group
138_0	[H+]	1	Fe3 ---> Fe2 Conversion of Alpha Hydroxy Group of an aldehyde to Alpha Keto group
138_0	[Fe+2]	1	Fe3 ---> Fe2 Conversion of Alpha Hydroxy Group of an aldehyde to Alpha Keto group
138_0	[Fe+2]	1	Fe3 ---> Fe2 Conversion of Alpha Hydroxy Group of an aldehyde to Alpha Keto group
138_0	C(C=O)=O	1	Fe3 ---> Fe2 Conversion of Alpha Hydroxy Group of an aldehyde to Alpha Keto group
140_0	[Fe+3]	-1	Fe3 ---> Fe2 Conversion of Alpha Hydroxy Group of an aldehyde to Alpha Keto group
140_0	[Fe+3]	-1	Fe3 ---> Fe2 Conversion of Alpha Hydroxy Group of an aldehyde to Alpha Keto group
140_0	C(C(CC)O)=O	-1	Fe3 ---> Fe2 Conversion of Alpha Hydroxy Group of an aldehyde to Alpha Keto group
140_0	[H+]	1	Fe3 ---> Fe2 Conversion of Alpha Hydroxy Group of an aldehyde to Alpha Keto group
140_0	[H+]	1	Fe3 ---> Fe2 Conversion of Alpha Hydroxy Group of an aldehyde to Alpha Keto group
140_0	[Fe+2]	1	Fe3 ---> Fe2 Conversion of Alpha Hydroxy Group of an aldehyde to Alpha Keto group
140_0	[Fe+2]	1	Fe3 ---> Fe2 Conversion of Alpha Hydroxy Group of an aldehyde to Alpha Keto group
140_0	C(C(CC)=O)=O	1	Fe3 ---> Fe2 Conversion of Alpha Hydroxy Group of an aldehyde to Alpha Keto group
141_0	[H+]	-1	Fe2 ---> Fe3 Conversion of Alpha Hydroxy Group of an aldehyde to Alpha Keto group, inverse
141_0	[H+]	-1	Fe2 ---> Fe3 Conversion of Alpha Hydroxy Group of an aldehyde to Alpha Keto group, inverse
141_0	[Fe+2]	-1	Fe2 ---> Fe3 Conversion of Alpha Hydroxy Group of an aldehyde to Alpha Keto group, inverse
141_0	[Fe+2]	-1	Fe2 ---> Fe3 Conversion of Alpha Hydroxy Group of an aldehyde to Alpha Keto group, inverse
141_0	C(C(CO)=O)=O	-1	Fe2 ---> Fe3 Conversion of Alpha Hydroxy Group of an aldehyde to Alpha Keto group, inverse
141_0	[Fe+3]	1	Fe2 ---> Fe3 Conversion of Alpha Hydroxy Group of an aldehyde to Alpha Keto group, inverse
141_0	[Fe+3]	1	Fe2 ---> Fe3 Conversion of Alpha Hydroxy Group of an aldehyde to Alpha Keto group, inverse
141_0	C(C(CO)O)=O	1	Fe2 ---> Fe3 Conversion of Alpha Hydroxy Group of an aldehyde to Alpha Keto group, inverse
142_0	O	-1	Benzilic Acid Rearrangement
142_0	C(C=O)=O	-1	Benzilic Acid Rearrangement
142_0	C(CO)(O)=O	1	Benzilic Acid Rearrangement
142_1	O	-1	Cannizarro 1
142_1	C(C=O)=O	-1	Cannizarro 1
142_1	C(CO)(O)=O	1	Cannizarro 1
143_0	C(CO)(O)=O	-1	Benzilic Acid Rearrangement (inverse)
143_0	O	1	Benzilic Acid Rearrangement (inverse)
143_0	C(C=O)=O	1	Benzilic Acid Rearrangement (inverse)
144_0	C(CCO)=O	-1	Retro Aldol
144_0	C(C)=O	1	Retro Aldol
144_0	C=O	1	Retro Aldol
145_0	C(CO)(CC)=O	-1	Keto-enol migration twice
145_0	C(C(CC)O)=O	1	Keto-enol migration twice
146_0	C(C(C=O)O)=O	-1	Keto-enol migration twice
146_0	C(C(CO)=O)=O	1	Keto-enol migration twice
148_0	O	-1	Cannizarro 2, HCHO (oxidation)
148_0	C=O	-1	Cannizarro 2, HCHO (oxidation)
148_0	C(CCO)=O	-1	Cannizarro 2, HCHO (oxidation)
148_0	C(O)=O	1	Cannizarro 2, HCHO (oxidation)
148_0	C(CCO)O	1	Cannizarro 2, HCHO (oxidation)
149_0	O	-1	Cannizarro 2, HCHO (oxidation)
149_0	C=O	-1	Cannizarro 2, HCHO (oxidation)
149_0	C(C=O)=O	-1	Cannizarro 2, HCHO (oxidation)
149_0	C(CO)=O	1	Cannizarro 2, HCHO (oxidation)
149_0	C(O)=O	1	Cannizarro 2, HCHO (oxidation)
150_0	O	-1	Cannizarro 2, HCHO (oxidation)
150_0	C=O	-1	Cannizarro 2, HCHO (oxidation)
150_0	C(C(C=O)O)=O	-1	Cannizarro 2, HCHO (oxidation)
150_0	C(C(CO)O)=O	1	Cannizarro 2, HCHO (oxidation)
150_0	C(O)=O	1	Cannizarro 2, HCHO (oxidation)
151_0	O	-1	Cannizarro 2, HCHO (oxidation)
151_0	C=O	-1	Cannizarro 2, HCHO (oxidation)
151_0	C(C(CC)=O)=O	-1	Cannizarro 2, HCHO (oxidation)
151_0	C(CO)(CC)=O	1	Cannizarro 2, HCHO (oxidation)
151_0	C(O)=O	1	Cannizarro 2, HCHO (oxidation)
152_0	O	-1	Cannizarro 2, HCHO (reduction)
152_0	C=O	-1	Cannizarro 2, HCHO (reduction)
152_0	C(CCO)=O	-1	Cannizarro 2, HCHO (reduction)
152_0	C(CCO)(O)=O	1	Cannizarro 2, HCHO (reduction)
152_0	CO	1	Cannizarro 2, HCHO (reduction)
154_0	O	-1	Cannizarro 2, HCHO (reduction)
154_0	C=O	-1	Cannizarro 2, HCHO (reduction)
154_0	C(C=O)=O	-1	Cannizarro 2, HCHO (reduction)
154_0	CO	1	Cannizarro 2, HCHO (reduction)
154_0	C(C(O)=O)=O	1	Cannizarro 2, HCHO (reduction)
156_0	CCC(CO)O	-1	Elimination + enol to keto
156_0	O	1	Elimination + enol to keto
156_0	C(C)(CC)=O	1	Elimination + enol to keto
158_0	CCC(CO)O	-1	Elimination + enol to keto
158_0	O	1	Elimination + enol to keto
158_0	C(CCC)=O	1	Elimination + enol to keto
159_0	C(C(CO)O)O	-1	Elimination + enol to keto
159_0	O	1	Elimination + enol to keto
159_0	C(CCO)=O	1	Elimination + enol to keto
160_0	C(C(CO)O)O	-1	Elimination + enol to keto
160_0	O	1	Elimination + enol to keto
160_0	C(C)(CO)=O	1	Elimination + enol to keto
162_0	CC(CO)O	-1	Elimination + enol to keto
162_0	O	1	Elimination + enol to keto
162_0	C(C)(C)=O	1	Elimination + enol to keto
164_0	CC(CO)O	-1	Elimination + enol to keto
164_0	O	1	Elimination + enol to keto
164_0	C(CC)=O	1	Elimination + enol to keto
165_0	C(CCO)=O	-1	Elimination2
165_0	O	1	Elimination2
165_0	C=CC=O	1	Elimination2
166_0	CCC(CO)O	-1	Elimination2
166_0	O	1	Elimination2
166_0	C(C)=CCO	1	Elimination2
167_0	C(CCCO)O	-1	Elimination2
167_0	O	1	Elimination2
167_0	C=CCCO	1	Elimination2
169_0	CC(CCO)O	-1	Elimination2
169_0	O	1	Elimination2
169_0	C=CC(C)O	1	Elimination2
170_0	CC(CCO)O	-1	Elimination2
170_0	O	1	Elimination2
170_0	C(C)=CCO	1	Elimination2
171_0	CC(CCO)O	-1	Elimination2
171_0	O	1	Elimination2
171_0	C=CCCO	1	Elimination2
173_0	C=CCCO	-1	Elimination2
173_0	O	1	Elimination2
173_0	C=CC=C	1	Elimination2
174_0	CC(CO)O	-1	Elimination2
174_0	O	1	Elimination2
174_0	C=CCO	1	Elimination2
176_0	C1CCC(O)O1	-1	Elimination2
176_0	O	1	Elimination2
176_0	C1CCOC=1	1	Elimination2
177_0	O	-1	Hydration of C(=O)C
177_0	C(CCO)=O	-1	Hydration of C(=O)C
177_0	C(C(CO)O)O	1	Hydration of C(=O)C
178_0	O	-1	Hydration of C(=O)C
178_0	C=CC(C)=O	-1	Hydration of C(=O)C
178_0	C=CC(CO)O	1	Hydration of C(=O)C
179_0	O	-1	Hydration of C=C(O)
179_0	C=CCO	-1	Hydration of C=C(O)
179_0	CC(CO)O	1	Hydration of C=C(O)
180_0	O	-1	Hydration of C=C(O)
180_0	C=CCO	-1	Hydration of C=C(O)
180_0	C(CCO)O	1	Hydration of C=C(O)
181_0	O	-1	Hydration of C=C(O)
181_0	C(C)=CCO	-1	Hydration of C=C(O)
181_0	CC(CCO)O	1	Hydration of C=C(O)
182_0	O	-1	Hydration of C=C(O)
182_0	C(C)=CCO	-1	Hydration of C=C(O)
182_0	CCC(CO)O	1	Hydration of C=C(O)
183_0	O	-1	Hydration of C=C(O)
183_0	C=CCCO	-1	Hydration of C=C(O)
183_0	CC(CCO)O	1	Hydration of C=C(O)
184_0	O	-1	Hydration of C=C(O)
184_0	C=CCCO	-1	Hydration of C=C(O)
184_0	C(CCCO)O	1	Hydration of C=C(O)
186_0	O	-1	Hydration of C=C(O)
186_0	C=CC(C)=O	-1	Hydration of C=C(O)
186_0	C(C)(C(C)O)=O	1	Hydration of C=C(O)
188_0	O	-1	Hydration of C=C(O)
188_0	C=CC(C)=O	-1	Hydration of C=C(O)
188_0	C(C)(CCO)=O	1	Hydration of C=C(O)
190_0	C(C)=CC(O)=O	-1	Alpha-Beta Unsaturated Acid Decarboxylation
190_0	C(=O)=O	1	Alpha-Beta Unsaturated Acid Decarboxylation
190_0	C=CC	1	Alpha-Beta Unsaturated Acid Decarboxylation
191_0	C(CC=C)(O)=O	-1	Beta-gamma Unsaturated Acid Decarboxylation
191_0	C(=O)=O	1	Beta-gamma Unsaturated Acid Decarboxylation
191_0	C=CC	1	Beta-gamma Unsaturated Acid Decarboxylation
192_0	C1CCC(O)O1	-1	Hemiacetal Formation for 5 membered rings, inverse
192_0	C(CCCO)=O	1	Hemiacetal Formation for 5 membered rings, inverse
193_0	C=CC=O	-1	Michael Addition 0,2, 
193_0	CO	-1	Michael Addition 0,2, 
193_0	C(CCCO)=O	1	Michael Addition 0,2, 
194_0	[H+]	-1	Fe2 ---> Fe3 Conversion of Alpha Hydroxy Group of an aldehyde to Alpha Keto group, inverse
194_0	[H+]	-1	Fe2 ---> Fe3 Conversion of Alpha Hydroxy Group of an aldehyde to Alpha Keto group, inverse
194_0	[Fe+2]	-1	Fe2 ---> Fe3 Conversion of Alpha Hydroxy Group of an aldehyde to Alpha Keto group, inverse
194_0	[Fe+2]	-1	Fe2 ---> Fe3 Conversion of Alpha Hydroxy Group of an aldehyde to Alpha Keto group, inverse
194_0	C(C=O)=O	-1	Fe2 ---> Fe3 Conversion of Alpha Hydroxy Group of an aldehyde to Alpha Keto group, inverse
194_0	[Fe+3]	1	Fe2 ---> Fe3 Conversion of Alpha Hydroxy Group of an aldehyde to Alpha Keto group, inverse
194_0	[Fe+3]	1	Fe2 ---> Fe3 Conversion of Alpha Hydroxy Group of an aldehyde to Alpha Keto group, inverse
194_0	C(CO)=O	1	Fe2 ---> Fe3 Conversion of Alpha Hydroxy Group of an aldehyde to Alpha Keto group, inverse
195_0	[H+]	-1	Fe2 ---> Fe3 Conversion of Alpha Hydroxy Group of an aldehyde to Alpha Keto group, inverse
195_0	[H+]	-1	Fe2 ---> Fe3 Conversion of Alpha Hydroxy Group of an aldehyde to Alpha Keto group, inverse
195_0	[Fe+2]	-1	Fe2 ---> Fe3 Conversion of Alpha Hydroxy Group of an aldehyde to Alpha Keto group, inverse
195_0	[Fe+2]	-1	Fe2 ---> Fe3 Conversion of Alpha Hydroxy Group of an aldehyde to Alpha Keto group, inverse
195_0	C(C(CC)=O)=O	-1	Fe2 ---> Fe3 Conversion of Alpha Hydroxy Group of an aldehyde to Alpha Keto group, inverse
195_0	[Fe+3]	1	Fe2 ---> Fe3 Conversion of Alpha Hydroxy Group of an aldehyde to Alpha Keto group, inverse
195_0	[Fe+3]	1	Fe2 ---> Fe3 Conversion of Alpha Hydroxy Group of an aldehyde to Alpha Keto group, inverse
195_0	C(C(CC)O)=O	1	Fe2 ---> Fe3 Conversion of Alpha Hydroxy Group of an aldehyde to Alpha Keto group, inverse
196_0	[Fe+3]	-1	Fe3 ---> Fe2 Conversion of Alpha Hydro Group of an ACID to Alpha Keto group
196_0	[Fe+3]	-1	Fe3 ---> Fe2 Conversion of Alpha Hydro Group of an ACID to Alpha Keto group
196_0	C(CO)(O)=O	-1	Fe3 ---> Fe2 Conversion of Alpha Hydro Group of an ACID to Alpha Keto group
196_0	[H+]	1	Fe3 ---> Fe2 Conversion of Alpha Hydro Group of an ACID to Alpha Keto group
196_0	[H+]	1	Fe3 ---> Fe2 Conversion of Alpha Hydro Group of an ACID to Alpha Keto group
196_0	[Fe+2]	1	Fe3 ---> Fe2 Conversion of Alpha Hydro Group of an ACID to Alpha Keto group
196_0	[Fe+2]	1	Fe3 ---> Fe2 Conversion of Alpha Hydro Group of an ACID to Alpha Keto group
196_0	C(C(O)=O)=O	1	Fe3 ---> Fe2 Conversion of Alpha Hydro Group of an ACID to Alpha Keto group
197_0	C=O	-1	Aldol Condensation
197_0	C(C)(C)=O	-1	Aldol Condensation
197_0	C(C)(CCO)=O	1	Aldol Condensation
199_0	C=O	-1	Aldol Condensation
199_0	C(CC)=O	-1	Aldol Condensation
199_0	C(C(C)CO)=O	1	Aldol Condensation
200_0	C(C)(CCO)=O	-1	Retro Aldol
200_0	C=O	1	Retro Aldol
200_0	C(C)(C)=O	1	Retro Aldol
201_0	C(C)(C(C)O)=O	-1	Keto-enol migration twice
201_0	C(C)(C(C)O)=O	1	Keto-enol migration twice
202_0	O	-1	Cannizarro 2, HCHO (oxidation)
202_0	C=O	-1	Cannizarro 2, HCHO (oxidation)
202_0	C(C(O)=O)=O	-1	Cannizarro 2, HCHO (oxidation)
202_0	C(O)=O	1	Cannizarro 2, HCHO (oxidation)
202_0	C(CO)(O)=O	1	Cannizarro 2, HCHO (oxidation)
204_0	O	-1	Cannizarro 2, HCHO (oxidation)
204_0	C=O	-1	Cannizarro 2, HCHO (oxidation)
204_0	C(CCC)=O	-1	Cannizarro 2, HCHO (oxidation)
204_0	C(O)=O	1	Cannizarro 2, HCHO (oxidation)
204_0	CCCCO	1	Cannizarro 2, HCHO (oxidation)
206_0	O	-1	Cannizarro 2, HCHO (oxidation)
206_0	C=O	-1	Cannizarro 2, HCHO (oxidation)
206_0	C(CC)=O	-1	Cannizarro 2, HCHO (oxidation)
206_0	C(O)=O	1	Cannizarro 2, HCHO (oxidation)
206_0	CCCO	1	Cannizarro 2, HCHO (oxidation)
208_0	O	-1	Cannizarro 2, HCHO (reduction)
208_0	C=O	-1	Cannizarro 2, HCHO (reduction)
208_0	C(C(O)=O)=O	-1	Cannizarro 2, HCHO (reduction)
208_0	CO	1	Cannizarro 2, HCHO (reduction)
208_0	C(C(O)=O)(O)=O	1	Cannizarro 2, HCHO (reduction)
210_0	O	-1	Cannizarro 2, HCHO (reduction)
210_0	C=O	-1	Cannizarro 2, HCHO (reduction)
210_0	C(CCC)=O	-1	Cannizarro 2, HCHO (reduction)
210_0	CO	1	Cannizarro 2, HCHO (reduction)
210_0	C(CCC)(O)=O	1	Cannizarro 2, HCHO (reduction)
212_0	O	-1	Cannizarro 2, HCHO (reduction)
212_0	C=O	-1	Cannizarro 2, HCHO (reduction)
212_0	C(CC)=O	-1	Cannizarro 2, HCHO (reduction)
212_0	CO	1	Cannizarro 2, HCHO (reduction)
212_0	C(CC)(O)=O	1	Cannizarro 2, HCHO (reduction)
213_0	C(CCO)O	-1	Elimination2
213_0	O	1	Elimination2
213_0	C=CCO	1	Elimination2
214_0	C=CC(C)O	-1	Elimination2
214_0	O	1	Elimination2
214_0	C=CC=C	1	Elimination2
215_0	C(C)(C(C)O)=O	-1	Elimination2
215_0	O	1	Elimination2
215_0	C=CC(C)=O	1	Elimination2
216_0	C(C)(CCO)=O	-1	Elimination2
216_0	O	1	Elimination2
216_0	C=CC(C)=O	1	Elimination2
217_0	O	-1	Hydration of C(=O)C
217_0	C(C)(CC)=O	-1	Hydration of C(=O)C
217_0	CCC(CO)O	1	Hydration of C(=O)C
219_0	O	-1	Hydration of C(=O)C
219_0	C(C)(CC)=O	-1	Hydration of C(=O)C
219_0	CC(C(C)O)O	1	Hydration of C(=O)C
220_0	O	-1	Hydration of C(=O)C
220_0	C(CCC)=O	-1	Hydration of C(=O)C
220_0	CCC(CO)O	1	Hydration of C(=O)C
221_0	O	-1	Hydration of C(=O)C
221_0	C(C)(C)=O	-1	Hydration of C(=O)C
221_0	CC(CO)O	1	Hydration of C(=O)C
222_0	O	-1	Hydration of C(=O)C
222_0	C(CC)=O	-1	Hydration of C(=O)C
222_0	CC(CO)O	1	Hydration of C(=O)C
223_0	O	-1	Hydration of C=C(O)
223_0	C=CC(C)O	-1	Hydration of C=C(O)
223_0	CC(CCO)O	1	Hydration of C=C(O)
224_0	O	-1	Hydration of C=C(O)
224_0	C=CC(C)O	-1	Hydration of C=C(O)
224_0	CC(C(C)O)O	1	Hydration of C=C(O)
225_0	O	-1	Hydration of C=C(O)
225_0	C=CC=C	-1	Hydration of C=C(O)
225_0	C=CCCO	1	Hydration of C=C(O)
226_0	O	-1	Hydration of C=C(O)
226_0	C=CC=C	-1	Hydration of C=C(O)
226_0	C=CC(C)O	1	Hydration of C=C(O)
228_0	O	-1	Hydration of C=C(O)
228_0	C1CCOC=1	-1	Hydration of C=C(O)
228_0	C1C(CCO1)O	1	Hydration of C=C(O)
230_0	O	-1	Hydration of C=C(O)
230_0	C=CC	-1	Hydration of C=C(O)
230_0	CC(C)O	1	Hydration of C=C(O)
231_0	O	-1	Hydration of C=C(O)
231_0	C=CC	-1	Hydration of C=C(O)
231_0	CCCO	1	Hydration of C=C(O)
232_0	C(C(O)=O)=O	-1	Alpha-Keto Acid Decarboxylation
232_0	C(=O)=O	1	Alpha-Keto Acid Decarboxylation
232_0	C=O	1	Alpha-Keto Acid Decarboxylation
234_0	C=CC=O	-1	Michael Addition 0,2, 
234_0	C=CC	-1	Michael Addition 0,2, 
234_0	C(CCCC=C)=O	1	Michael Addition 0,2, 
236_0	C(CCC)=O	-1	Michael Addition 0,2, (reverse)
236_0	C=CC=O	1	Michael Addition 0,2, (reverse)
236_0	C	1	Michael Addition 0,2, (reverse)
238_0	[H+]	-1	Fe2 ---> Fe3 Alpha Keto Reduction of a Carboxylic Acid (Fe2+ to Fe3+)
238_0	[Fe+2]	-1	Fe2 ---> Fe3 Alpha Keto Reduction of a Carboxylic Acid (Fe2+ to Fe3+)
238_0	[Fe+2]	-1	Fe2 ---> Fe3 Alpha Keto Reduction of a Carboxylic Acid (Fe2+ to Fe3+)
238_0	C(C(O)=O)=O	-1	Fe2 ---> Fe3 Alpha Keto Reduction of a Carboxylic Acid (Fe2+ to Fe3+)
238_0	[Fe+3]	1	Fe2 ---> Fe3 Alpha Keto Reduction of a Carboxylic Acid (Fe2+ to Fe3+)
238_0	[Fe+3]	1	Fe2 ---> Fe3 Alpha Keto Reduction of a Carboxylic Acid (Fe2+ to Fe3+)
238_0	[CH](C(O)=O)O	1	Fe2 ---> Fe3 Alpha Keto Reduction of a Carboxylic Acid (Fe2+ to Fe3+)
240_0	[H+]	-1	Fe2 ---> Fe3 Conversion of Alpha Hydroxy Group of an aldehyde to Alpha Keto group, inverse
240_0	[H+]	-1	Fe2 ---> Fe3 Conversion of Alpha Hydroxy Group of an aldehyde to Alpha Keto group, inverse
240_0	[Fe+2]	-1	Fe2 ---> Fe3 Conversion of Alpha Hydroxy Group of an aldehyde to Alpha Keto group, inverse
240_0	[Fe+2]	-1	Fe2 ---> Fe3 Conversion of Alpha Hydroxy Group of an aldehyde to Alpha Keto group, inverse
240_0	C(C(O)=O)=O	-1	Fe2 ---> Fe3 Conversion of Alpha Hydroxy Group of an aldehyde to Alpha Keto group, inverse
240_0	[Fe+3]	1	Fe2 ---> Fe3 Conversion of Alpha Hydroxy Group of an aldehyde to Alpha Keto group, inverse
240_0	[Fe+3]	1	Fe2 ---> Fe3 Conversion of Alpha Hydroxy Group of an aldehyde to Alpha Keto group, inverse
240_0	C(C(O)O)=O	1	Fe2 ---> Fe3 Conversion of Alpha Hydroxy Group of an aldehyde to Alpha Keto group, inverse
241_0	[H+]	-1	Fe2 ---> Fe3 Conversion of Alpha Keto Group of an ACID to Alpha Hydro group
241_0	[H+]	-1	Fe2 ---> Fe3 Conversion of Alpha Keto Group of an ACID to Alpha Hydro group
241_0	[Fe+2]	-1	Fe2 ---> Fe3 Conversion of Alpha Keto Group of an ACID to Alpha Hydro group
241_0	[Fe+2]	-1	Fe2 ---> Fe3 Conversion of Alpha Keto Group of an ACID to Alpha Hydro group
241_0	C(C(O)=O)=O	-1	Fe2 ---> Fe3 Conversion of Alpha Keto Group of an ACID to Alpha Hydro group
241_0	[Fe+3]	1	Fe2 ---> Fe3 Conversion of Alpha Keto Group of an ACID to Alpha Hydro group
241_0	[Fe+3]	1	Fe2 ---> Fe3 Conversion of Alpha Keto Group of an ACID to Alpha Hydro group
241_0	C(CO)(O)=O	1	Fe2 ---> Fe3 Conversion of Alpha Keto Group of an ACID to Alpha Hydro group
242_0	C(C(C)CO)=O	-1	Retro Aldol
242_0	C=O	1	Retro Aldol
242_0	C(CC)=O	1	Retro Aldol
243_0	C(C(O)O)=O	-1	Keto-enol migration twice
243_0	C(CO)(O)=O	1	Keto-enol migration twice
245_0	O	-1	Cannizarro 2, HCHO (oxidation)
245_0	C=O	-1	Cannizarro 2, HCHO (oxidation)
245_0	C(C(C)CO)=O	-1	Cannizarro 2, HCHO (oxidation)
245_0	C(O)=O	1	Cannizarro 2, HCHO (oxidation)
245_0	CC(CO)CO	1	Cannizarro 2, HCHO (oxidation)
247_0	O	-1	Cannizarro 2, HCHO (oxidation)
247_0	C=O	-1	Cannizarro 2, HCHO (oxidation)
247_0	C(C(O)O)=O	-1	Cannizarro 2, HCHO (oxidation)
247_0	C(O)=O	1	Cannizarro 2, HCHO (oxidation)
247_0	C(C(O)O)O	1	Cannizarro 2, HCHO (oxidation)
249_0	O	-1	Cannizarro 2, HCHO (reduction)
249_0	C=O	-1	Cannizarro 2, HCHO (reduction)
249_0	C(C(O)O)=O	-1	Cannizarro 2, HCHO (reduction)
249_0	CO	1	Cannizarro 2, HCHO (reduction)
249_0	C(C(O)O)(O)=O	1	Cannizarro 2, HCHO (reduction)
250_0	CC(C(C)O)O	-1	Elimination + enol to keto
250_0	O	1	Elimination + enol to keto
250_0	C(C)(CC)=O	1	Elimination + enol to keto
252_0	C(C(C)CO)=O	-1	Elimination2
252_0	O	1	Elimination2
252_0	C=C(C=O)C	1	Elimination2
254_0	CCCCO	-1	Elimination2
254_0	O	1	Elimination2
254_0	C=CCC	1	Elimination2
255_0	CCCO	-1	Elimination2
255_0	O	1	Elimination2
255_0	C=CC	1	Elimination2
256_0	CC(C(C)O)O	-1	Elimination2
256_0	O	1	Elimination2
256_0	C=CC(C)O	1	Elimination2
258_0	C1C(CCO1)O	-1	Elimination2
258_0	O	1	Elimination2
258_0	C1COCC=1	1	Elimination2
259_0	CC(C)O	-1	Elimination2
259_0	O	1	Elimination2
259_0	C=CC	1	Elimination2
260_0	C(C(O)=O)(O)=O	-1	Alpha-Keto Acid Decarboxylation
260_0	C(=O)=O	1	Alpha-Keto Acid Decarboxylation
260_0	C(O)=O	1	Alpha-Keto Acid Decarboxylation
262_0	[C](C(O)=O)=C	-1	Michael Addition 0,2, 
262_0	C	-1	Michael Addition 0,2, 
262_0	[CH](C(O)=O)CC	1	Michael Addition 0,2, 
263_0	C=CC(O)=O	-1	Michael Addition 0,2, 
263_0	C	-1	Michael Addition 0,2, 
263_0	C(CCC)(O)=O	1	Michael Addition 0,2, 
265_0	C(C)=CC=O	-1	Michael Addition 0,2, 
265_0	C	-1	Michael Addition 0,2, 
265_0	C(CC(C)C)=O	1	Michael Addition 0,2, 
266_0	C=CC=O	-1	Michael Addition 0,2, 
266_0	C	-1	Michael Addition 0,2, 
266_0	C(CCC)=O	1	Michael Addition 0,2, 
268_0	C=CC(C)=O	-1	Michael Addition 0,2, 
268_0	C	-1	Michael Addition 0,2, 
268_0	C(C)(CCC)=O	1	Michael Addition 0,2, 
269_0	C(CCC)(O)=O	-1	Michael Addition 0,2, (reverse)
269_0	C=CC(O)=O	1	Michael Addition 0,2, (reverse)
269_0	C	1	Michael Addition 0,2, (reverse)
270_0	C(CCCC=C)=O	-1	Michael Addition 0,2, (reverse)
270_0	C=CC=O	1	Michael Addition 0,2, (reverse)
270_0	C=CC	1	Michael Addition 0,2, (reverse)
272_0	[H+]	-1	Fe2 ---> Fe3 Alpha Keto Reduction of a Carboxylic Acid (Fe2+ to Fe3+)
272_0	[Fe+2]	-1	Fe2 ---> Fe3 Alpha Keto Reduction of a Carboxylic Acid (Fe2+ to Fe3+)
272_0	[Fe+2]	-1	Fe2 ---> Fe3 Alpha Keto Reduction of a Carboxylic Acid (Fe2+ to Fe3+)
272_0	C(C(O)=O)(O)=O	-1	Fe2 ---> Fe3 Alpha Keto Reduction of a Carboxylic Acid (Fe2+ to Fe3+)
272_0	[Fe+3]	1	Fe2 ---> Fe3 Alpha Keto Reduction of a Carboxylic Acid (Fe2+ to Fe3+)
272_0	[Fe+3]	1	Fe2 ---> Fe3 Alpha Keto Reduction of a Carboxylic Acid (Fe2+ to Fe3+)
272_0	[C](C(O)=O)(O)O	1	Fe2 ---> Fe3 Alpha Keto Reduction of a Carboxylic Acid (Fe2+ to Fe3+)
273_0	[OH-]	-1	Fe3 ---> Fe2 Aldehyde to acid
273_0	[Fe+3]	-1	Fe3 ---> Fe2 Aldehyde to acid
273_0	[Fe+3]	-1	Fe3 ---> Fe2 Aldehyde to acid
273_0	C(C(O)O)=O	-1	Fe3 ---> Fe2 Aldehyde to acid
273_0	[H+]	1	Fe3 ---> Fe2 Aldehyde to acid
273_0	[Fe+2]	1	Fe3 ---> Fe2 Aldehyde to acid
273_0	[Fe+2]	1	Fe3 ---> Fe2 Aldehyde to acid
273_0	C(C(O)O)(O)=O	1	Fe3 ---> Fe2 Aldehyde to acid
274_0	[Fe+3]	-1	Fe3 ---> Fe2 Conversion of Alpha Hydroxy Group of an aldehyde to Alpha Keto group
274_0	[Fe+3]	-1	Fe3 ---> Fe2 Conversion of Alpha Hydroxy Group of an aldehyde to Alpha Keto group
274_0	C(C(O)O)=O	-1	Fe3 ---> Fe2 Conversion of Alpha Hydroxy Group of an aldehyde to Alpha Keto group
274_0	[H+]	1	Fe3 ---> Fe2 Conversion of Alpha Hydroxy Group of an aldehyde to Alpha Keto group
274_0	[H+]	1	Fe3 ---> Fe2 Conversion of Alpha Hydroxy Group of an aldehyde to Alpha Keto group
274_0	[Fe+2]	1	Fe3 ---> Fe2 Conversion of Alpha Hydroxy Group of an aldehyde to Alpha Keto group
274_0	[Fe+2]	1	Fe3 ---> Fe2 Conversion of Alpha Hydroxy Group of an aldehyde to Alpha Keto group
274_0	C(C(O)=O)=O	1	Fe3 ---> Fe2 Conversion of Alpha Hydroxy Group of an aldehyde to Alpha Keto group
275_0	[H+]	-1	Fe2 ---> Fe3 Conversion of Alpha Keto Group of an ACID to Alpha Hydro group
275_0	[H+]	-1	Fe2 ---> Fe3 Conversion of Alpha Keto Group of an ACID to Alpha Hydro group
275_0	[Fe+2]	-1	Fe2 ---> Fe3 Conversion of Alpha Keto Group of an ACID to Alpha Hydro group
275_0	[Fe+2]	-1	Fe2 ---> Fe3 Conversion of Alpha Keto Group of an ACID to Alpha Hydro group
275_0	C(C(O)=O)(O)=O	-1	Fe2 ---> Fe3 Conversion of Alpha Keto Group of an ACID to Alpha Hydro group
275_0	[Fe+3]	1	Fe2 ---> Fe3 Conversion of Alpha Keto Group of an ACID to Alpha Hydro group
275_0	[Fe+3]	1	Fe2 ---> Fe3 Conversion of Alpha Keto Group of an ACID to Alpha Hydro group
275_0	C(C(O)O)(O)=O	1	Fe2 ---> Fe3 Conversion of Alpha Keto Group of an ACID to Alpha Hydro group
276_0	C(C(O)O)(O)=O	-1	Benzilic Acid Rearrangement (inverse)
276_0	O	1	Benzilic Acid Rearrangement (inverse)
276_0	C(C(O)=O)=O	1	Benzilic Acid Rearrangement (inverse)
278_0	O	-1	Cannizarro 2, HCHO (oxidation)
278_0	C=O	-1	Cannizarro 2, HCHO (oxidation)
278_0	C=C(C=O)C	-1	Cannizarro 2, HCHO (oxidation)
278_0	C(O)=O	1	Cannizarro 2, HCHO (oxidation)
278_0	C=C(C)CO	1	Cannizarro 2, HCHO (oxidation)
280_0	O	-1	Cannizarro 2, HCHO (oxidation)
280_0	C=O	-1	Cannizarro 2, HCHO (oxidation)
280_0	C(CC(C)C)=O	-1	Cannizarro 2, HCHO (oxidation)
280_0	C(O)=O	1	Cannizarro 2, HCHO (oxidation)
280_0	CC(C)CCO	1	Cannizarro 2, HCHO (oxidation)
282_0	O	-1	Cannizarro 2, HCHO (reduction)
282_0	C=O	-1	Cannizarro 2, HCHO (reduction)
282_0	C=C(C=O)C	-1	Cannizarro 2, HCHO (reduction)
282_0	CO	1	Cannizarro 2, HCHO (reduction)
282_0	C=C(C(O)=O)C	1	Cannizarro 2, HCHO (reduction)
283_0	C(C(O)O)O	-1	Elimination + enol to keto
283_0	O	1	Elimination + enol to keto
283_0	C(C)(O)=O	1	Elimination + enol to keto
284_0	C(C(O)O)O	-1	Elimination + enol to keto
284_0	O	1	Elimination + enol to keto
284_0	C(CO)=O	1	Elimination + enol to keto
285_0	CC(CO)CO	-1	Elimination2
285_0	O	1	Elimination2
285_0	C=C(C)CO	1	Elimination2
287_0	O	-1	Hydration of C=C(O)
287_0	C=C(C=O)C	-1	Hydration of C=C(O)
287_0	C(C(C)(C)O)=O	1	Hydration of C=C(O)
288_0	O	-1	Hydration of C=C(O)
288_0	C=C(C=O)C	-1	Hydration of C=C(O)
288_0	C(C(C)CO)=O	1	Hydration of C=C(O)
289_0	O	-1	Hydration of C=C(O)
289_0	C=CCC	-1	Hydration of C=C(O)
289_0	CCCCO	1	Hydration of C=C(O)
291_0	O	-1	Hydration of C=C(O)
291_0	C=CCC	-1	Hydration of C=C(O)
291_0	CC(CC)O	1	Hydration of C=C(O)
292_0	O	-1	Hydration of C=C(O)
292_0	C1COCC=1	-1	Hydration of C=C(O)
292_0	C1C(CCO1)O	1	Hydration of C=C(O)
294_0	C	-1	Michael Addition 0,2, 
294_0	C=C(C=O)C	-1	Michael Addition 0,2, 
294_0	C(C(C)CC)=O	1	Michael Addition 0,2, 
295_0	[CH](C(O)=O)CC	-1	Michael Addition 0,2, (reverse)
295_0	[C](C(O)=O)=C	1	Michael Addition 0,2, (reverse)
295_0	C	1	Michael Addition 0,2, (reverse)
296_0	C(CC(C)C)=O	-1	Michael Addition 0,2, (reverse)
296_0	C(C)=CC=O	1	Michael Addition 0,2, (reverse)
296_0	C	1	Michael Addition 0,2, (reverse)
297_0	C(C)(CCC)=O	-1	Michael Addition 0,2, (reverse)
297_0	C=CC(C)=O	1	Michael Addition 0,2, (reverse)
297_0	C	1	Michael Addition 0,2, (reverse)
298_0	[Fe+3]	-1	Fe3 ---> Fe2 Conversion of Alpha Hydro Group of an ACID to Alpha Keto group
298_0	[Fe+3]	-1	Fe3 ---> Fe2 Conversion of Alpha Hydro Group of an ACID to Alpha Keto group
298_0	C(C(O)O)(O)=O	-1	Fe3 ---> Fe2 Conversion of Alpha Hydro Group of an ACID to Alpha Keto group
298_0	[H+]	1	Fe3 ---> Fe2 Conversion of Alpha Hydro Group of an ACID to Alpha Keto group
298_0	[H+]	1	Fe3 ---> Fe2 Conversion of Alpha Hydro Group of an ACID to Alpha Keto group
298_0	[Fe+2]	1	Fe3 ---> Fe2 Conversion of Alpha Hydro Group of an ACID to Alpha Keto group
298_0	[Fe+2]	1	Fe3 ---> Fe2 Conversion of Alpha Hydro Group of an ACID to Alpha Keto group
298_0	C(C(O)=O)(O)=O	1	Fe3 ---> Fe2 Conversion of Alpha Hydro Group of an ACID to Alpha Keto group
300_0	O	-1	Cannizarro 2, HCHO (oxidation)
300_0	C=O	-1	Cannizarro 2, HCHO (oxidation)
300_0	C(C(C)(C)O)=O	-1	Cannizarro 2, HCHO (oxidation)
300_0	C(O)=O	1	Cannizarro 2, HCHO (oxidation)
300_0	CC(C)(CO)O	1	Cannizarro 2, HCHO (oxidation)
302_0	O	-1	Cannizarro 2, HCHO (oxidation)
302_0	C=O	-1	Cannizarro 2, HCHO (oxidation)
302_0	C(C(C)CC)=O	-1	Cannizarro 2, HCHO (oxidation)
302_0	C(O)=O	1	Cannizarro 2, HCHO (oxidation)
302_0	CC(CO)CC	1	Cannizarro 2, HCHO (oxidation)
304_0	CC(C)CCO	-1	Elimination2
304_0	O	1	Elimination2
304_0	C=CC(C)C	1	Elimination2
305_0	C(C(C)(C)O)=O	-1	Elimination2
305_0	O	1	Elimination2
305_0	C=C(C=O)C	1	Elimination2
306_0	CC(CC)O	-1	Elimination2
306_0	O	1	Elimination2
306_0	C=CCC	1	Elimination2
308_0	CC(CC)O	-1	Elimination2
308_0	O	1	Elimination2
308_0	C(C)=CC	1	Elimination2
309_0	O	-1	Hydration of C=C(O)
309_0	C=C(C)CO	-1	Hydration of C=C(O)
309_0	CC(C)(CO)O	1	Hydration of C=C(O)
310_0	O	-1	Hydration of C=C(O)
310_0	C=C(C)CO	-1	Hydration of C=C(O)
310_0	CC(CO)CO	1	Hydration of C=C(O)
311_0	C(C(C)CC)=O	-1	Michael Addition 0,2, (reverse)
311_0	C	1	Michael Addition 0,2, (reverse)
311_0	C=C(C=O)C	1	Michael Addition 0,2, (reverse)
313_0	CC(C)(CO)O	-1	Elimination + enol to keto
313_0	O	1	Elimination + enol to keto
313_0	C(C(C)C)=O	1	Elimination + enol to keto
314_0	CC(C)(CO)O	-1	Elimination2
314_0	O	1	Elimination2
314_0	C=C(C)CO	1	Elimination2
316_0	CC(CO)CC	-1	Elimination2
316_0	O	1	Elimination2
316_0	C=C(C)CC	1	Elimination2
317_0	O	-1	Hydration of C=C(O)
317_0	C=CC(C)C	-1	Hydration of C=C(O)
317_0	CC(C)CCO	1	Hydration of C=C(O)
319_0	O	-1	Hydration of C=C(O)
319_0	C=CC(C)C	-1	Hydration of C=C(O)
319_0	CC(C)C(C)O	1	Hydration of C=C(O)
320_0	O	-1	Hydration of C=C(O)
320_0	C(C)=CC	-1	Hydration of C=C(O)
320_0	CC(CC)O	1	Hydration of C=C(O)
